	CCD
SEQC|rand_1	5.181409861816622
SEQC|rand_2	4.862982616304844
SEQC|rand_3	5.242074470543818
SEQC|rand_4	5.052779805147735
SEQC|rand_5	5.208125647468562
SEQC|rand_6	5.044038235410617
SEQC|rand_7	5.022261230989655
SEQC|rand_8	5.251427534417498
SEQC|rand_9	4.94164520088897
SEQC|rand_10	5.6227202287855045
SEQC|rand_11	4.988007308559874
SEQC|rand_12	4.91297191869026
SEQC|rand_13	5.058047504318941
SEQC|rand_14	5.383763076499957
SEQC|rand_15	4.990136728876635
SEQC|rand_16	4.965254511080725
SEQC|rand_17	5.202584251194577
SEQC|rand_18	4.889548437706711
SEQC|rand_19	4.85792285029339
SEQC|rand_20	5.003907878730624
SEQC|rand_21	5.385567021071313
SEQC|rand_22	5.120419865662164
SEQC|rand_23	4.989574045974552
SEQC|rand_24	5.34182508696239
SEQC|rand_25	5.294198745786046
SEQC|rand_26	5.099325795044835
SEQC|rand_27	5.104277531326377
SEQC|rand_28	5.144299840552879
SEQC|rand_29	5.190658257861933
SEQC|rand_30	5.169946018846764
SEQC|rand_31	5.067639886072851
SEQC|rand_32	4.837530771828566
SEQC|rand_33	5.093621857229198
SEQC|rand_34	4.884870206360448
SEQC|rand_35	5.458522794235189
SEQC|rand_36	5.025195326151463
SEQC|rand_37	5.291961004249801
SEQC|rand_38	5.231624219392854
SEQC|rand_39	5.209361427520102
SEQC|rand_40	5.236351635256622
SEQC|rand_41	5.046806014685721
SEQC|rand_42	5.035335716148744
SEQC|rand_43	5.212570403721042
SEQC|rand_44	5.182693852859154
SEQC|rand_45	5.280100535228098
SEQC|rand_46	5.140278382386152
SEQC|rand_47	4.949269478188133
SEQC|rand_48	5.046274121303936
SEQC|rand_49	5.186783804750165
SEQC|rand_50	5.203309386917719
SEQC|rand_51	4.935503329438006
SEQC|rand_52	5.148576142199697
SEQC|rand_53	5.217734121210473
SEQC|rand_54	5.190407212059396
SEQC|rand_55	5.099662386406447
SEQC|rand_56	5.225517136490432
SEQC|rand_57	5.2632062311815595
SEQC|rand_58	5.064691410119956
SEQC|rand_59	5.323585835913883
SEQC|rand_60	5.2486321494881025
SEQC|rand_61	5.17625704128858
SEQC|rand_62	5.049108515699946
SEQC|rand_63	5.20526732806623
SEQC|rand_64	5.287460267132547
SEQC|rand_65	4.953321466774173
SEQC|rand_66	5.250840020402401
SEQC|rand_67	5.182709800420174
SEQC|rand_68	4.921545349586261
SEQC|rand_69	4.873860499624592
SEQC|rand_70	5.074556534990804
SEQC|rand_71	5.047158742957118
SEQC|rand_72	5.112966045076489
SEQC|rand_73	5.241831824690845
SEQC|rand_74	5.304836836714076
SEQC|rand_75	5.0229318522184006
SEQC|rand_76	4.7941173193018765
SEQC|rand_77	5.022336490881082
SEQC|rand_78	5.129065926137469
SEQC|rand_79	5.20440963947085
SEQC|rand_80	5.026704523478127
SEQC|rand_81	5.1287580746482755
SEQC|rand_82	4.8737085693796836
SEQC|rand_83	5.03294064325575
SEQC|rand_84	5.213900858016919
SEQC|rand_85	5.031990161880665
SEQC|rand_86	4.939725384830266
SEQC|rand_87	5.119769248484201
SEQC|rand_88	5.120196353462169
SEQC|rand_89	5.118380119303199
SEQC|rand_90	5.1348499245573
SEQC|rand_91	5.015913429792596
SEQC|rand_92	5.022105066007929
SEQC|rand_93	5.273080864860573
SEQC|rand_94	5.154883135421163
SEQC|rand_95	5.052655286343298
SEQC|rand_96	5.249426573409748
SEQC|rand_97	5.080503947779276
SEQC|rand_98	5.136714629328699
SEQC|rand_99	5.3784801417348715
SEQC|rand_100	4.816302844383467
SEQC|rand_101	4.975631584511287
SEQC|rand_102	5.16408536733314
SEQC|rand_103	5.208986040076525
SEQC|rand_104	5.03096031867129
SEQC|rand_105	5.024799295165755
SEQC|rand_106	5.382465074695072
SEQC|rand_107	5.157243727294261
SEQC|rand_108	5.004756354803564
SEQC|rand_109	5.142020451964252
SEQC|rand_110	5.032973508080199
SEQC|rand_111	4.873215858755601
SEQC|rand_112	4.6457436456335905
SEQC|rand_113	5.285866154226031
SEQC|rand_114	5.261810314214692
SEQC|rand_115	5.180180999185598
SEQC|rand_116	4.606837205206589
SEQC|rand_117	5.1160661347057665
SEQC|rand_118	5.204254057443463
SEQC|rand_119	4.972483724521263
SEQC|rand_120	5.204045331402947
SEQC|rand_121	5.173323660769291
SEQC|rand_122	5.13487200506779
SEQC|rand_123	4.958387709126041
SEQC|rand_124	5.272986245404253
SEQC|rand_125	4.967419955991879
SEQC|rand_126	5.0954313179057635
SEQC|rand_127	5.219893545039572
SEQC|rand_128	5.134093380968275
SEQC|rand_129	5.491525880693324
SEQC|rand_130	5.317893332704935
SEQC|rand_131	4.793634428313169
SEQC|rand_132	5.256095354417139
SEQC|rand_133	5.103562056892508
SEQC|rand_134	4.797975841963895
SEQC|rand_135	4.991757095882361
SEQC|rand_136	4.963782510259892
SEQC|rand_137	4.98865951020524
SEQC|rand_138	5.0358015095001765
SEQC|rand_139	5.069372149653302
SEQC|rand_140	5.247300458609266
SEQC|rand_141	5.008052519792395
SEQC|rand_142	5.257662058366112
SEQC|rand_143	5.199602908910548
SEQC|rand_144	5.046753885083637
SEQC|rand_145	5.083790755980588
SEQC|rand_146	4.910398319390714
SEQC|rand_147	4.934136384359407
SEQC|rand_148	5.054649847761666
SEQC|rand_149	5.48345926783864
SEQC|rand_150	5.101000385205748
SEQC|rand_151	5.28324746019104
SEQC|rand_152	5.161943513349565
SEQC|rand_153	5.2262249210738005
SEQC|rand_154	4.994383332040622
SEQC|rand_155	5.229336304262836
SEQC|rand_156	5.23994655175705
SEQC|rand_157	5.064822273447399
SEQC|rand_158	5.169836718155045
SEQC|rand_159	5.243258521181489
SEQC|rand_160	4.720821833223797
SEQC|rand_161	4.684247088724029
SEQC|rand_162	5.332994842686666
SEQC|rand_163	5.168544973461167
SEQC|rand_164	5.289156340099853
SEQC|rand_165	5.14744121591572
SEQC|rand_166	4.994180226030604
SEQC|rand_167	5.076483972875574
SEQC|rand_168	5.273701896558612
SEQC|rand_169	4.985162792433948
SEQC|rand_170	5.064801270779422
SEQC|rand_171	5.162972290152308
SEQC|rand_172	5.061354134690247
SEQC|rand_173	5.153666511018783
SEQC|rand_174	5.233770395804919
SEQC|rand_175	5.185854424800063
SEQC|rand_176	5.168220826285981
SEQC|rand_177	5.1030155162188455
SEQC|rand_178	5.28162725532556
SEQC|rand_179	5.152911418303782
SEQC|rand_180	5.272807327128562
SEQC|rand_181	5.313768048856944
SEQC|rand_182	5.051555378234724
SEQC|rand_183	4.955071236290662
SEQC|rand_184	5.037521300144302
SEQC|rand_185	5.048797066565044
SEQC|rand_186	4.945139868617391
SEQC|rand_187	4.896370000953035
SEQC|rand_188	5.136917493940678
SEQC|rand_189	4.973595788322844
SEQC|rand_190	5.170998850629946
SEQC|rand_191	5.037415909243547
SEQC|rand_192	5.106547059065508
SEQC|rand_193	5.071780542766675
SEQC|rand_194	5.096423763572554
SEQC|rand_195	5.245640407610889
SEQC|rand_196	5.40355667597688
SEQC|rand_197	4.9685097994219865
SEQC|rand_198	5.055375716702616
SEQC|rand_199	5.251611938492448
SEQC|rand_200	5.233035804000443
SEQC|rand_201	5.169155469756277
SEQC|rand_202	5.299287720952295
SEQC|rand_203	4.8168889251004
SEQC|rand_204	5.056452655009512
SEQC|rand_205	5.157657508049989
SEQC|rand_206	4.939133488184882
SEQC|rand_207	4.973790316315462
SEQC|rand_208	5.228442329247109
SEQC|rand_209	5.206344568890663
SEQC|rand_210	4.982242220641884
SEQC|rand_211	5.012105644423819
SEQC|rand_212	5.1472405955188805
SEQC|rand_213	5.028729138360758
SEQC|rand_214	5.005350311903804
SEQC|rand_215	5.0018705763456826
SEQC|rand_216	5.025305840612857
SEQC|rand_217	5.085791849946498
SEQC|rand_218	4.810704138616764
SEQC|rand_219	5.312594845500882
SEQC|rand_220	5.185094629896923
SEQC|rand_221	5.213837740095861
SEQC|rand_222	5.280470339165784
SEQC|rand_223	5.248978496088438
SEQC|rand_224	5.160978589330725
SEQC|rand_225	5.330697482746866
SEQC|rand_226	5.076379163154732
SEQC|rand_227	5.407551476570696
SEQC|rand_228	5.031411391154203
SEQC|rand_229	5.088351819715282
SEQC|rand_230	5.253377994926807
SEQC|rand_231	5.338902729931807
SEQC|rand_232	5.137999105057045
SEQC|rand_233	5.104303398876415
SEQC|rand_234	5.323438536334055
SEQC|rand_235	5.426378296099983
SEQC|rand_236	4.7678285671387375
SEQC|rand_237	5.185359961872452
SEQC|rand_238	5.11992726620301
SEQC|rand_239	5.091430842950811
SEQC|rand_240	5.108129985753028
SEQC|rand_241	4.9567439573502865
SEQC|rand_242	5.061305607231121
SEQC|rand_243	5.146929429550387
SEQC|rand_244	5.175096578619819
SEQC|rand_245	5.134216656548261
SEQC|rand_246	4.962878593310268
SEQC|rand_247	4.947098120543191
SEQC|rand_248	5.039942280365153
SEQC|rand_249	5.176623373982509
SEQC|rand_250	5.1060855743537985
SEQC|rand_251	5.309717733229805
SEQC|rand_252	5.014221265914142
SEQC|rand_253	5.1432030356575495
SEQC|rand_254	5.216402424342658
SEQC|rand_255	5.369808725988837
SEQC|rand_256	5.297923817690829
SEQC|rand_257	5.062561195958851
SEQC|rand_258	4.878227236364962
SEQC|rand_259	5.100944707064246
SEQC|rand_260	5.259985003600832
SEQC|rand_261	4.937434966182298
SEQC|rand_262	5.233534744864567
SEQC|rand_263	5.133032431994072
SEQC|rand_264	4.947351978761831
SEQC|rand_265	5.076797954565905
SEQC|rand_266	5.079397190523656
SEQC|rand_267	4.957429538139305
SEQC|rand_268	5.132577363360615
SEQC|rand_269	5.030050061612708
SEQC|rand_270	5.164235675831569
SEQC|rand_271	5.134146619216938
SEQC|rand_272	5.252311477009776
SEQC|rand_273	5.182826450616386
SEQC|rand_274	5.193792114061563
SEQC|rand_275	5.002960579310635
SEQC|rand_276	5.241780241390261
SEQC|rand_277	4.845868849761976
SEQC|rand_278	5.231602963974543
SEQC|rand_279	5.195457981454656
SEQC|rand_280	5.3813103238288615
SEQC|rand_281	4.981843586942113
SEQC|rand_282	5.020585664738229
SEQC|rand_283	4.973335153727491
SEQC|rand_284	5.330127246824608
SEQC|rand_285	5.403086246037489
SEQC|rand_286	5.0126621675819845
SEQC|rand_287	5.206249702135123
SEQC|rand_288	4.881636689950286
SEQC|rand_289	5.118607967090629
SEQC|rand_290	5.07971593100384
SEQC|rand_291	5.522006284617968
SEQC|rand_292	5.245915733581902
SEQC|rand_293	5.028986917111179
SEQC|rand_294	4.7025835541570125
SEQC|rand_295	5.224764881122435
SEQC|rand_296	5.295405931061575
SEQC|rand_297	4.752745423756392
SEQC|rand_298	5.3692285464442255
SEQC|rand_299	5.130568290009537
SEQC|rand_300	5.191089249843411
SEQC|rand_301	5.005532024061558
SEQC|rand_302	5.052057779927025
SEQC|rand_303	4.973727696580463
SEQC|rand_304	5.119594818601892
SEQC|rand_305	5.098105539268842
SEQC|rand_306	5.023060127872
SEQC|rand_307	4.870451204799402
SEQC|rand_308	5.286289602839483
SEQC|rand_309	5.139996049667352
SEQC|rand_310	5.271187713683375
SEQC|rand_311	5.0571501171990985
SEQC|rand_312	5.286341082952153
SEQC|rand_313	4.810582594939467
SEQC|rand_314	5.1769405267095845
SEQC|rand_315	5.316197722107504
SEQC|rand_316	5.058280244242681
SEQC|rand_317	5.38341926045619
SEQC|rand_318	4.7974908647139465
SEQC|rand_319	4.747314112347991
SEQC|rand_320	5.085935017957951
SEQC|rand_321	5.33272005989897
SEQC|rand_322	5.339055041092628
SEQC|rand_323	5.11081586861757
SEQC|rand_324	4.970541471418918
SEQC|rand_325	5.1074904602905224
SEQC|rand_326	5.247998037110914
SEQC|rand_327	5.180973819378366
SEQC|rand_328	4.951468246647067
SEQC|rand_329	5.1840229763850765
SEQC|rand_330	4.91881128097639
SEQC|rand_331	5.213330550453698
SEQC|rand_332	5.1478473452663005
SEQC|rand_333	5.164635524472233
SEQC|rand_334	5.247160867900943
SEQC|rand_335	5.1350330786755976
SEQC|rand_336	5.295599198362992
SEQC|rand_337	4.926248386104873
SEQC|rand_338	4.996084436420191
SEQC|rand_339	5.325418600851555
SEQC|rand_340	4.840315821312483
SEQC|rand_341	4.905318958987937
SEQC|rand_342	5.210079145855153
SEQC|rand_343	5.216470629249682
SEQC|rand_344	5.252510088876797
SEQC|rand_345	5.248426222917697
SEQC|rand_346	5.32111546470335
SEQC|rand_347	5.238877040742626
SEQC|rand_348	5.481928074867127
SEQC|rand_349	5.100693639135306
SEQC|rand_350	5.198769157964277
SEQC|rand_351	5.24711081422246
SEQC|rand_352	5.119325912066038
SEQC|rand_353	5.292693081794906
SEQC|rand_354	4.9713415893454975
SEQC|rand_355	5.161086108989281
SEQC|rand_356	4.854304646852771
SEQC|rand_357	5.034281856457612
SEQC|rand_358	4.92008536448628
SEQC|rand_359	5.184512970132309
SEQC|rand_360	5.183581745328341
SEQC|rand_361	4.9070769260974645
SEQC|rand_362	5.195645467022003
SEQC|rand_363	4.755539940856167
SEQC|rand_364	5.116316270011874
SEQC|rand_365	5.289382133829555
SEQC|rand_366	5.183980381722244
SEQC|rand_367	5.13682783439803
SEQC|rand_368	5.142982943946481
SEQC|rand_369	5.305356868677808
SEQC|rand_370	5.179013928137756
SEQC|rand_371	5.209414499579637
SEQC|rand_372	5.004358492481475
SEQC|rand_373	5.106421171551012
SEQC|rand_374	5.190150734452811
SEQC|rand_375	4.932737501224106
SEQC|rand_376	5.163337000490272
SEQC|rand_377	4.980318633046913
SEQC|rand_378	5.365267985500417
SEQC|rand_379	5.436220319461913
SEQC|rand_380	4.629675125674424
SEQC|rand_381	5.376986892314103
SEQC|rand_382	5.107045792041882
SEQC|rand_383	5.180446182338989
SEQC|rand_384	4.893743378499949
SEQC|rand_385	5.257564940872435
SEQC|rand_386	5.1688693702376955
SEQC|rand_387	5.078161169608852
SEQC|rand_388	5.071224422608919
SEQC|rand_389	5.146184555303098
SEQC|rand_390	4.811452286598123
SEQC|rand_391	5.278900905913896
SEQC|rand_392	4.987143932154248
SEQC|rand_393	5.139513513567979
SEQC|rand_394	4.959949880715466
SEQC|rand_395	5.071839409084724
SEQC|rand_396	4.727479712755898
SEQC|rand_397	5.22294596629132
SEQC|rand_398	5.177273882332096
SEQC|rand_399	5.249742656333954
SEQC|rand_400	5.071437695252281
SEQC|rand_401	5.134268240071768
SEQC|rand_402	5.0678014719711015
SEQC|rand_403	4.909765796481449
SEQC|rand_404	4.9147231825307705
SEQC|rand_405	5.417697784792654
SEQC|rand_406	5.072719407896036
SEQC|rand_407	5.125129767030801
SEQC|rand_408	4.778798737602993
SEQC|rand_409	5.061354976675719
SEQC|rand_410	4.778192459748473
SEQC|rand_411	5.283537050721791
SEQC|rand_412	4.897033745914162
SEQC|rand_413	5.026278292528622
SEQC|rand_414	5.070869115699071
SEQC|rand_415	5.259063265845095
SEQC|rand_416	4.945382836527766
SEQC|rand_417	5.19791647436709
SEQC|rand_418	5.188647276231797
SEQC|rand_419	4.93374440875605
SEQC|rand_420	5.039251736551256
SEQC|rand_421	4.796261722548303
SEQC|rand_422	5.222295769094046
SEQC|rand_423	5.2125642515328545
SEQC|rand_424	5.334941420001182
SEQC|rand_425	5.262224303473767
SEQC|rand_426	5.134485889865525
SEQC|rand_427	5.098258320024506
SEQC|rand_428	4.835242900892993
SEQC|rand_429	5.1386144542520205
SEQC|rand_430	5.1500347127570425
SEQC|rand_431	5.269834514512475
SEQC|rand_432	5.3682368923134165
SEQC|rand_433	5.045955985998755
SEQC|rand_434	5.085010110202717
SEQC|rand_435	5.089694401666871
SEQC|rand_436	5.057688374340042
SEQC|rand_437	5.0167715774353825
SEQC|rand_438	5.094980823395862
SEQC|rand_439	4.8212368716433325
SEQC|rand_440	5.029901891977697
SEQC|rand_441	5.022037197411785
SEQC|rand_442	4.923200212925802
SEQC|rand_443	5.009805921446203
SEQC|rand_444	5.124474009965123
SEQC|rand_445	4.73778978618782
SEQC|rand_446	4.722112908914143
SEQC|rand_447	5.1665488169887475
SEQC|rand_448	5.071828127765592
SEQC|rand_449	4.832210219476853
SEQC|rand_450	5.066698455241257
SEQC|rand_451	5.21976247363216
SEQC|rand_452	5.397111862825555
SEQC|rand_453	5.1677185997143935
SEQC|rand_454	4.930896552156749
SEQC|rand_455	4.9820377504005595
SEQC|rand_456	5.5944258584231745
SEQC|rand_457	4.694810495498756
SEQC|rand_458	5.0104894256097605
SEQC|rand_459	5.177460580139994
SEQC|rand_460	5.163757298101055
SEQC|rand_461	5.132372815858523
SEQC|rand_462	5.188954349803568
SEQC|rand_463	5.119638222707579
SEQC|rand_464	5.399409676831415
SEQC|rand_465	5.156806281093834
SEQC|rand_466	5.231210206983462
SEQC|rand_467	5.193811151974647
SEQC|rand_468	5.149628687838403
SEQC|rand_469	4.840825899593454
SEQC|rand_470	4.967502125364124
SEQC|rand_471	4.977061102403602
SEQC|rand_472	4.817410897600921
SEQC|rand_473	5.306335944028062
SEQC|rand_474	5.205548871358988
SEQC|rand_475	5.223702515284753
SEQC|rand_476	5.314328493366338
SEQC|rand_477	5.121149856528569
SEQC|rand_478	5.122490644724308
SEQC|rand_479	5.076090780714541
SEQC|rand_480	5.258264330978163
SEQC|rand_481	5.307046397113141
SEQC|rand_482	5.068874233069766
SEQC|rand_483	5.19470077198099
SEQC|rand_484	5.066258968282631
SEQC|rand_485	4.917594949086976
SEQC|rand_486	4.989309771275527
SEQC|rand_487	4.879777380897685
SEQC|rand_488	5.1559164098515575
SEQC|rand_489	5.136871298925772
SEQC|rand_490	5.263324260157695
SEQC|rand_491	5.217958011348046
SEQC|rand_492	5.029255755036616
SEQC|rand_493	4.948021335802165
SEQC|rand_494	5.439215940520761
SEQC|rand_495	5.078139004134089
SEQC|rand_496	4.860947290204776
SEQC|rand_497	5.221786963256832
SEQC|rand_498	5.075825217848046
SEQC|rand_499	5.229600932053573
SEQC|rand_500	4.851135633794173
SEQC|rand_501	5.231066248149405
SEQC|rand_502	4.8905353210329885
SEQC|rand_503	4.992694171205555
SEQC|rand_504	4.618958560606328
SEQC|rand_505	5.1736815761073665
SEQC|rand_506	5.120635847263503
SEQC|rand_507	4.951164545822148
SEQC|rand_508	5.16028412165781
SEQC|rand_509	5.359752159555095
SEQC|rand_510	5.249102468570755
SEQC|rand_511	5.146410001619278
SEQC|rand_512	5.357457849537057
SEQC|rand_513	5.358566345634287
SEQC|rand_514	5.002597480140148
SEQC|rand_515	5.292385112225016
SEQC|rand_516	5.14760033733969
SEQC|rand_517	4.862269785571026
SEQC|rand_518	5.079986879585785
SEQC|rand_519	4.940839874427126
SEQC|rand_520	4.94857404951686
SEQC|rand_521	5.170828463973925
SEQC|rand_522	4.96659337919885
SEQC|rand_523	4.960078760789948
SEQC|rand_524	5.011021312726514
SEQC|rand_525	4.974895894832489
SEQC|rand_526	5.242147576344806
SEQC|rand_527	5.292137420959864
SEQC|rand_528	5.207407745837838
SEQC|rand_529	5.071185260427967
SEQC|rand_530	5.003145674184498
SEQC|rand_531	5.225025279099588
SEQC|rand_532	4.9548061969569765
SEQC|rand_533	5.005171192429961
SEQC|rand_534	4.930059681167565
SEQC|rand_535	5.195274907106094
SEQC|rand_536	5.094117383661217
SEQC|rand_537	4.7984894026585385
SEQC|rand_538	5.199764764861646
SEQC|rand_539	5.166003097122579
SEQC|rand_540	5.108808993800627
SEQC|rand_541	4.997919064509279
SEQC|rand_542	4.790043297882039
SEQC|rand_543	5.1150647496969786
SEQC|rand_544	5.219506417748227
SEQC|rand_545	4.897398586554601
SEQC|rand_546	5.063653198478271
SEQC|rand_547	5.027157417794327
SEQC|rand_548	5.101791384602289
SEQC|rand_549	5.244851879672812
SEQC|rand_550	4.638174392327151
SEQC|rand_551	5.333857951378347
SEQC|rand_552	5.274441160868723
SEQC|rand_553	4.9272941242981725
SEQC|rand_554	5.115496856110928
SEQC|rand_555	5.172166378755548
SEQC|rand_556	4.930420815428254
SEQC|rand_557	5.327395092560262
SEQC|rand_558	5.126219718147476
SEQC|rand_559	5.216126386641683
SEQC|rand_560	5.08233647910897
SEQC|rand_561	5.36121985672624
SEQC|rand_562	5.2293073629007605
SEQC|rand_563	5.153494356516199
SEQC|rand_564	5.094175790845213
SEQC|rand_565	5.2028815708261344
SEQC|rand_566	4.744741142420521
SEQC|rand_567	5.24509990871884
SEQC|rand_568	5.199041894817149
SEQC|rand_569	5.151505786440614
SEQC|rand_570	5.267145674160275
SEQC|rand_571	5.055088404777527
SEQC|rand_572	5.082698331233672
SEQC|rand_573	4.854253854077884
SEQC|rand_574	5.14767953939434
SEQC|rand_575	5.368177919680406
SEQC|rand_576	5.434171896906678
SEQC|rand_577	5.140185837196077
SEQC|rand_578	5.48014586666482
SEQC|rand_579	5.1305246775798965
SEQC|rand_580	5.266160756207437
SEQC|rand_581	5.02232106475705
SEQC|rand_582	4.972090482491515
SEQC|rand_583	5.041335119988677
SEQC|rand_584	5.25464616307526
SEQC|rand_585	5.036538838619417
SEQC|rand_586	4.904968331223146
SEQC|rand_587	5.066710730188832
SEQC|rand_588	5.06042733152727
SEQC|rand_589	4.847904988305227
SEQC|rand_590	5.045866222786807
SEQC|rand_591	5.030774149286386
SEQC|rand_592	5.0598426370461596
SEQC|rand_593	5.169451303677101
SEQC|rand_594	5.138228562021713
SEQC|rand_595	4.893687928973463
SEQC|rand_596	4.977613296438096
SEQC|rand_597	5.2570785362117105
SEQC|rand_598	5.046139483076236
SEQC|rand_599	5.097315679295046
SEQC|rand_600	5.513591347468273
SEQC|rand_601	4.894222494834659
SEQC|rand_602	5.25528647054883
SEQC|rand_603	4.878140808789113
SEQC|rand_604	5.1086069571204025
SEQC|rand_605	5.19751737145175
SEQC|rand_606	5.201361649778812
SEQC|rand_607	5.3504049382035
SEQC|rand_608	5.0257210207882785
SEQC|rand_609	5.156088560203437
SEQC|rand_610	5.106606229766207
SEQC|rand_611	5.124069598725083
SEQC|rand_612	4.9730917408583855
SEQC|rand_613	4.946041585410392
SEQC|rand_614	5.239537278455445
SEQC|rand_615	5.059813386892121
SEQC|rand_616	5.206044146483239
SEQC|rand_617	4.857768592263445
SEQC|rand_618	5.185072357753975
SEQC|rand_619	5.537362904325279
SEQC|rand_620	5.0835703431473505
SEQC|rand_621	5.247067467489057
SEQC|rand_622	5.146669985362436
SEQC|rand_623	5.288625088321429
SEQC|rand_624	5.196504883304329
SEQC|rand_625	5.04696393963573
SEQC|rand_626	4.796189728425952
SEQC|rand_627	4.899101804757483
SEQC|rand_628	5.029611672001389
SEQC|rand_629	4.873041789389498
SEQC|rand_630	4.874009809478452
SEQC|rand_631	5.16255607979293
SEQC|rand_632	5.025509541673767
SEQC|rand_633	5.191941311590323
SEQC|rand_634	4.917214356845833
SEQC|rand_635	5.144535163207996
SEQC|rand_636	4.724920907805659
SEQC|rand_637	5.394259531747711
SEQC|rand_638	5.14527853118644
SEQC|rand_639	5.098061857566605
SEQC|rand_640	4.772474496266789
SEQC|rand_641	5.1382035862599365
SEQC|rand_642	5.075364894317642
SEQC|rand_643	4.806377636528941
SEQC|rand_644	4.982667103628157
SEQC|rand_645	4.907506238388761
SEQC|rand_646	5.125537936364121
SEQC|rand_647	5.036918587584978
SEQC|rand_648	5.352376131851241
SEQC|rand_649	5.208967561516039
SEQC|rand_650	5.558333727199532
SEQC|rand_651	5.05501421896847
SEQC|rand_652	5.17773475818946
SEQC|rand_653	5.424893123654105
SEQC|rand_654	4.879565608806622
SEQC|rand_655	5.028864414041257
SEQC|rand_656	5.229100866171898
SEQC|rand_657	4.917055548949836
SEQC|rand_658	5.253191415460937
SEQC|rand_659	5.311965442485792
SEQC|rand_660	5.056565558034334
SEQC|rand_661	5.264148700859898
SEQC|rand_662	5.201181088141567
SEQC|rand_663	4.653863722222535
SEQC|rand_664	5.1978458075004905
SEQC|rand_665	5.15442870529647
SEQC|rand_666	4.801319536899539
SEQC|rand_667	5.397183519768403
SEQC|rand_668	4.727520657757076
SEQC|rand_669	5.120948515645399
SEQC|rand_670	5.216702891177637
SEQC|rand_671	5.471738302609266
SEQC|rand_672	4.835919679472131
SEQC|rand_673	5.114332575511267
SEQC|rand_674	5.036591955304143
SEQC|rand_675	5.2858415348250105
SEQC|rand_676	5.240918889053841
SEQC|rand_677	5.2524439582994615
SEQC|rand_678	5.034717826123402
SEQC|rand_679	4.9114855922476695
SEQC|rand_680	4.952796225407493
SEQC|rand_681	5.0916492235623165
SEQC|rand_682	5.273544518061453
SEQC|rand_683	5.117462252274214
SEQC|rand_684	5.230991432705243
SEQC|rand_685	4.983217907217024
SEQC|rand_686	5.286689194975721
SEQC|rand_687	5.1536233256993755
SEQC|rand_688	5.339351171283345
SEQC|rand_689	5.157016875826007
SEQC|rand_690	4.9560652166013694
SEQC|rand_691	5.31653054868741
SEQC|rand_692	5.071085131602617
SEQC|rand_693	5.355024138802496
SEQC|rand_694	5.036007156294708
SEQC|rand_695	5.097511728324213
SEQC|rand_696	5.404279764264692
SEQC|rand_697	5.075396817539365
SEQC|rand_698	5.136804845650506
SEQC|rand_699	5.195233238690011
SEQC|rand_700	5.101499745991102
SEQC|rand_701	5.5620911571430085
SEQC|rand_702	4.940353222378304
SEQC|rand_703	4.919194599625807
SEQC|rand_704	5.228942371155392
SEQC|rand_705	4.985488898347431
SEQC|rand_706	5.068443133837812
SEQC|rand_707	4.971351438163403
SEQC|rand_708	5.108405389669171
SEQC|rand_709	5.377589220791888
SEQC|rand_710	5.043270946940662
SEQC|rand_711	5.314338024953112
SEQC|rand_712	5.043342494770646
SEQC|rand_713	5.019573256888657
SEQC|rand_714	5.427411424391675
SEQC|rand_715	5.1291889947947364
SEQC|rand_716	5.284085531394816
SEQC|rand_717	5.147573864703893
SEQC|rand_718	5.247699717943378
SEQC|rand_719	4.7421923880960914
SEQC|rand_720	5.243242123748569
SEQC|rand_721	5.111196954161827
SEQC|rand_722	5.055937566356233
SEQC|rand_723	5.333370004197203
SEQC|rand_724	4.980461007742607
SEQC|rand_725	5.3084796864016015
SEQC|rand_726	5.313780381127321
SEQC|rand_727	5.140902755069748
SEQC|rand_728	5.101999683682731
SEQC|rand_729	5.176240211636319
SEQC|rand_730	5.181690350137983
SEQC|rand_731	5.092146784183034
SEQC|rand_732	5.045489115505089
SEQC|rand_733	5.106247824796817
SEQC|rand_734	5.291428391217487
SEQC|rand_735	5.196482399117404
SEQC|rand_736	5.110667592949842
SEQC|rand_737	5.153304992580238
SEQC|rand_738	4.686055454993516
SEQC|rand_739	4.9141988734125475
SEQC|rand_740	5.129137600569517
SEQC|rand_741	5.301450569806266
SEQC|rand_742	4.875964772955778
SEQC|rand_743	4.8318681066203775
SEQC|rand_744	5.031279960271842
SEQC|rand_745	5.2358941121147105
SEQC|rand_746	4.872486475690044
SEQC|rand_747	5.474851354139678
SEQC|rand_748	5.399600036689569
SEQC|rand_749	5.207149206718571
SEQC|rand_750	5.153234878010877
SEQC|rand_751	4.746930303735964
SEQC|rand_752	4.893169845028853
SEQC|rand_753	4.819921511105037
SEQC|rand_754	4.979621263138101
SEQC|rand_755	5.338163968161197
SEQC|rand_756	5.0619141230900135
SEQC|rand_757	5.197811962327924
SEQC|rand_758	4.905276393351351
SEQC|rand_759	5.1257592376048935
SEQC|rand_760	5.181613102006393
SEQC|rand_761	5.071668611289803
SEQC|rand_762	4.690703011024655
SEQC|rand_763	5.181313908567005
SEQC|rand_764	4.845885321937801
SEQC|rand_765	5.088931603928044
SEQC|rand_766	5.23691736502386
SEQC|rand_767	5.138724826338771
SEQC|rand_768	5.380629275163764
SEQC|rand_769	4.990580555103443
SEQC|rand_770	4.9673447681153435
SEQC|rand_771	5.087218067819259
SEQC|rand_772	5.125051579983398
SEQC|rand_773	5.1287394981005265
SEQC|rand_774	5.163650041007706
SEQC|rand_775	4.712060249197385
SEQC|rand_776	5.15091535565417
SEQC|rand_777	5.088678443669087
SEQC|rand_778	5.236878801811205
SEQC|rand_779	5.176636149442838
SEQC|rand_780	5.098726198151636
SEQC|rand_781	5.246080182170268
SEQC|rand_782	4.99122680007153
SEQC|rand_783	5.100590638256384
SEQC|rand_784	5.172627772882477
SEQC|rand_785	4.916247089119209
SEQC|rand_786	5.426092832098059
SEQC|rand_787	4.826063536218199
SEQC|rand_788	4.862304191213667
SEQC|rand_789	5.052561296374051
SEQC|rand_790	5.072444276687398
SEQC|rand_791	5.142000839506017
SEQC|rand_792	4.85629181497821
SEQC|rand_793	5.098327224545814
SEQC|rand_794	5.217569049158395
SEQC|rand_795	5.23970809950871
SEQC|rand_796	4.769532172803304
SEQC|rand_797	5.163255090621608
SEQC|rand_798	5.043302555589035
SEQC|rand_799	4.8803454186524995
SEQC|rand_800	4.765019378049561
SEQC|rand_801	4.593474798357202
SEQC|rand_802	4.853013930226174
SEQC|rand_803	5.043276346907129
SEQC|rand_804	5.077739571549007
SEQC|rand_805	5.2231596939697535
SEQC|rand_806	4.811144801351664
SEQC|rand_807	5.116709005177766
SEQC|rand_808	5.090000352862814
SEQC|rand_809	4.9012285295807745
SEQC|rand_810	5.121641001750909
SEQC|rand_811	4.956644041595133
SEQC|rand_812	5.098764731055649
SEQC|rand_813	5.150469164627857
SEQC|rand_814	4.882021717568761
SEQC|rand_815	5.261448854241692
SEQC|rand_816	5.071933420859263
SEQC|rand_817	5.250303520360035
SEQC|rand_818	5.024973557585221
SEQC|rand_819	4.6106020752118155
SEQC|rand_820	5.166678722709386
SEQC|rand_821	4.954188242249274
SEQC|rand_822	5.102781220640929
SEQC|rand_823	5.0362068649681975
SEQC|rand_824	5.051363757934532
SEQC|rand_825	4.946060819469761
SEQC|rand_826	5.035924864241379
SEQC|rand_827	5.087734289627619
SEQC|rand_828	5.011846132522971
SEQC|rand_829	5.064925077105748
SEQC|rand_830	5.019512240353688
SEQC|rand_831	4.857968700448897
SEQC|rand_832	5.16722153938004
SEQC|rand_833	5.036214291682673
SEQC|rand_834	5.101786253606689
SEQC|rand_835	5.125493691949046
SEQC|rand_836	5.057418123784846
SEQC|rand_837	5.353665795388616
SEQC|rand_838	5.104462280080863
SEQC|rand_839	5.09886896560239
SEQC|rand_840	5.250633139542295
SEQC|rand_841	5.1498512038408935
SEQC|rand_842	5.179126863753615
SEQC|rand_843	4.795562335388864
SEQC|rand_844	5.0173700478656755
SEQC|rand_845	5.0895710136560925
SEQC|rand_846	5.063128403691942
SEQC|rand_847	5.120477536799308
SEQC|rand_848	5.105971926649976
SEQC|rand_849	4.922058595878013
SEQC|rand_850	5.445681558046173
SEQC|rand_851	5.16078267121498
SEQC|rand_852	5.036508647170676
SEQC|rand_853	5.185746820288127
SEQC|rand_854	5.040417040059686
SEQC|rand_855	4.918908083784284
SEQC|rand_856	5.028898147970855
SEQC|rand_857	5.397903161114805
SEQC|rand_858	5.0038358297978265
SEQC|rand_859	5.415997237475791
SEQC|rand_860	5.220701833319561
SEQC|rand_861	4.904101657624628
SEQC|rand_862	5.134253603087641
SEQC|rand_863	4.855014255407492
SEQC|rand_864	5.145772217332574
SEQC|rand_865	5.283421299140877
SEQC|rand_866	5.110715603125416
SEQC|rand_867	5.105540120620787
SEQC|rand_868	4.7988534776655705
SEQC|rand_869	5.136788549774229
SEQC|rand_870	5.244332031279419
SEQC|rand_871	5.41535298947884
SEQC|rand_872	5.115560583622555
SEQC|rand_873	5.103987977026002
SEQC|rand_874	5.142572777062909
SEQC|rand_875	5.0336126450670235
SEQC|rand_876	5.436808940479975
SEQC|rand_877	5.14480057098197
SEQC|rand_878	4.6834899452578265
SEQC|rand_879	5.279564027697999
SEQC|rand_880	5.068501053190923
SEQC|rand_881	5.084112235730052
SEQC|rand_882	5.406180636106375
SEQC|rand_883	5.0946069255879145
SEQC|rand_884	5.238415310230234
SEQC|rand_885	4.9215736957592355
SEQC|rand_886	5.147035478830293
SEQC|rand_887	5.057271990200071
SEQC|rand_888	5.049165499932512
SEQC|rand_889	5.082134153100285
SEQC|rand_890	5.151354071791975
SEQC|rand_891	5.245315027660425
SEQC|rand_892	4.715138126434116
SEQC|rand_893	4.942192062125589
SEQC|rand_894	5.510908202837085
SEQC|rand_895	5.165048299047873
SEQC|rand_896	5.289965024577918
SEQC|rand_897	5.275577111282568
SEQC|rand_898	5.216769209359883
SEQC|rand_899	5.22275496599892
SEQC|rand_900	4.928422558087692
SEQC|rand_901	5.029037458560993
SEQC|rand_902	5.00464104692677
SEQC|rand_903	5.039591050337277
SEQC|rand_904	5.264029289630774
SEQC|rand_905	5.303681604434183
SEQC|rand_906	5.447047562500582
SEQC|rand_907	5.184498418123893
SEQC|rand_908	4.705518863019549
SEQC|rand_909	5.117134704973596
SEQC|rand_910	4.636466374066323
SEQC|rand_911	5.212772483226023
SEQC|rand_912	5.388853505423632
SEQC|rand_913	5.016761276138722
SEQC|rand_914	5.279926454197984
SEQC|rand_915	5.200429789096124
SEQC|rand_916	5.131718219271558
SEQC|rand_917	5.252768189749665
SEQC|rand_918	5.039430387675134
SEQC|rand_919	5.394154643411877
SEQC|rand_920	5.003475353893896
SEQC|rand_921	4.9868019563720125
SEQC|rand_922	5.22903223350133
SEQC|rand_923	5.176772533453285
SEQC|rand_924	4.88316332963379
SEQC|rand_925	4.945688072009788
SEQC|rand_926	5.015299616689368
SEQC|rand_927	5.110148214610121
SEQC|rand_928	5.018457711875437
SEQC|rand_929	5.027397680480456
SEQC|rand_930	5.070764136300073
SEQC|rand_931	4.9942398479225085
SEQC|rand_932	5.122735705035045
SEQC|rand_933	5.121153676894533
SEQC|rand_934	5.047014628422725
SEQC|rand_935	4.971629099371096
SEQC|rand_936	5.1800282248919025
SEQC|rand_937	5.039081862252012
SEQC|rand_938	5.103490006823005
SEQC|rand_939	5.038095287864604
SEQC|rand_940	4.905223303052596
SEQC|rand_941	4.970544196764518
SEQC|rand_942	4.740385959930446
SEQC|rand_943	5.018917698593311
SEQC|rand_944	5.4416750138645265
SEQC|rand_945	4.939224677225557
SEQC|rand_946	5.065018134155322
SEQC|rand_947	5.228481238598684
SEQC|rand_948	5.282616799627191
SEQC|rand_949	5.003827672314278
SEQC|rand_950	4.913059749842993
SEQC|rand_951	5.047454556363826
SEQC|rand_952	5.189421703901323
SEQC|rand_953	4.9632171725212935
SEQC|rand_954	5.015098042028073
SEQC|rand_955	5.263109621893436
SEQC|rand_956	5.389234168214742
SEQC|rand_957	5.262071533170764
SEQC|rand_958	5.016632949733328
SEQC|rand_959	5.406852987385104
SEQC|rand_960	5.344210302536941
SEQC|rand_961	5.1923317859779745
SEQC|rand_962	5.4032235777754805
SEQC|rand_963	4.965287863098085
SEQC|rand_964	5.1604120168223515
SEQC|rand_965	5.200764645187598
SEQC|rand_966	5.172600522797871
SEQC|rand_967	5.097664217268391
SEQC|rand_968	4.867021536395999
SEQC|rand_969	5.328420993018651
SEQC|rand_970	5.096914494746845
SEQC|rand_971	5.184131712603722
SEQC|rand_972	5.001132697164584
SEQC|rand_973	5.091113671365564
SEQC|rand_974	5.305637166797615
SEQC|rand_975	5.080636741459666
SEQC|rand_976	5.339093915620615
SEQC|rand_977	4.980455604600618
SEQC|rand_978	5.071862944357801
SEQC|rand_979	5.165204802028542
SEQC|rand_980	5.391262976433942
SEQC|rand_981	5.064683347305849
SEQC|rand_982	5.10585903677459
SEQC|rand_983	4.824237010490788
SEQC|rand_984	5.065789084373319
SEQC|rand_985	4.935822523820051
SEQC|rand_986	5.077155387889794
SEQC|rand_987	5.04797294545284
SEQC|rand_988	5.065494058298867
SEQC|rand_989	4.866392084693128
SEQC|rand_990	5.028711219133483
SEQC|rand_991	5.179632494393658
SEQC|rand_992	5.256871429770118
SEQC|rand_993	5.018990714095862
SEQC|rand_994	5.224144219895429
SEQC|rand_995	5.178433219223081
SEQC|rand_996	5.327820353799802
SEQC|rand_997	5.35015344597931
SEQC|rand_998	5.305074507130445
SEQC|rand_999	5.09451674349499
SEQC|rand_1000	5.112877629396493
Kocak|rand_1	5.154070292581751
Kocak|rand_2	4.57756699756733
Kocak|rand_3	5.162977917488624
Kocak|rand_4	5.2457095099375985
Kocak|rand_5	4.973252823790018
Kocak|rand_6	5.218690740873076
Kocak|rand_7	4.964604008823732
Kocak|rand_8	5.155511816305228
Kocak|rand_9	4.989363770723622
Kocak|rand_10	5.304111887018277
Kocak|rand_11	5.037451771571626
Kocak|rand_12	5.014946580215998
Kocak|rand_13	4.989094302013189
Kocak|rand_14	5.413756663859787
Kocak|rand_15	5.198201091572396
Kocak|rand_16	5.270171519607902
Kocak|rand_17	5.097698730861273
Kocak|rand_18	5.075364684743972
Kocak|rand_19	5.05582455581895
Kocak|rand_20	5.147683035126569
Kocak|rand_21	5.2541521946520335
Kocak|rand_22	4.732707922497502
Kocak|rand_23	5.068428468976365
Kocak|rand_24	4.986983776876582
Kocak|rand_25	5.175909054477665
Kocak|rand_26	5.286514113054839
Kocak|rand_27	5.228718589021692
Kocak|rand_28	4.9952605560722745
Kocak|rand_29	5.248224856834889
Kocak|rand_30	5.134114852393315
Kocak|rand_31	4.996759111164118
Kocak|rand_32	4.678745815721825
Kocak|rand_33	5.1779051762438515
Kocak|rand_34	5.030883032661515
Kocak|rand_35	5.364150702784421
Kocak|rand_36	5.003292274444776
Kocak|rand_37	5.335580918522271
Kocak|rand_38	4.97327110025256
Kocak|rand_39	4.987212471280695
Kocak|rand_40	5.241369061854196
Kocak|rand_41	5.203587901730936
Kocak|rand_42	4.9263558267615535
Kocak|rand_43	5.190795442871448
Kocak|rand_44	5.11846615909662
Kocak|rand_45	5.152960785031753
Kocak|rand_46	5.109368716799307
Kocak|rand_47	5.049776666807732
Kocak|rand_48	5.23640857202764
Kocak|rand_49	5.106750255491598
Kocak|rand_50	5.308157745219322
Kocak|rand_51	5.500947828770816
Kocak|rand_52	5.096802048632805
Kocak|rand_53	4.914701739602159
Kocak|rand_54	4.893653655994803
Kocak|rand_55	4.998208078564439
Kocak|rand_56	5.132626825295607
Kocak|rand_57	5.234472801853395
Kocak|rand_58	4.625482720291269
Kocak|rand_59	5.309064509863157
Kocak|rand_60	5.143510535894208
Kocak|rand_61	5.079579091830711
Kocak|rand_62	5.175998665236633
Kocak|rand_63	5.238440473178587
Kocak|rand_64	5.401567558584445
Kocak|rand_65	5.064548566264689
Kocak|rand_66	4.912459717528666
Kocak|rand_67	5.099462641939032
Kocak|rand_68	4.963893853906339
Kocak|rand_69	4.8137339427166586
Kocak|rand_70	5.049172794770312
Kocak|rand_71	4.619180321553379
Kocak|rand_72	4.988313205959492
Kocak|rand_73	4.949775088636906
Kocak|rand_74	5.20009401684023
Kocak|rand_75	5.203444693332843
Kocak|rand_76	4.92472293791536
Kocak|rand_77	5.121801626455715
Kocak|rand_78	5.197185350794515
Kocak|rand_79	5.239173452612587
Kocak|rand_80	5.14041133414898
Kocak|rand_81	5.1948867772223215
Kocak|rand_82	5.019585406342441
Kocak|rand_83	5.223146220575347
Kocak|rand_84	5.269384202564656
Kocak|rand_85	5.169732261276628
Kocak|rand_86	4.737363614787939
Kocak|rand_87	5.002232954958082
Kocak|rand_88	5.09475345319142
Kocak|rand_89	5.05367788929219
Kocak|rand_90	5.076767310874353
Kocak|rand_91	5.058839394323278
Kocak|rand_92	4.983863254610756
Kocak|rand_93	5.298582609508863
Kocak|rand_94	5.0360137008109325
Kocak|rand_95	5.043391056775995
Kocak|rand_96	5.308080592234223
Kocak|rand_97	5.034442001419986
Kocak|rand_98	4.905302121571988
Kocak|rand_99	5.428309074699458
Kocak|rand_100	5.008510126013827
Kocak|rand_101	5.147263750069379
Kocak|rand_102	5.158411795426529
Kocak|rand_103	5.270098198010656
Kocak|rand_104	5.102780785660678
Kocak|rand_105	4.9368953395269175
Kocak|rand_106	5.357594325249227
Kocak|rand_107	5.199876813186017
Kocak|rand_108	5.158942991803177
Kocak|rand_109	5.218900319442628
Kocak|rand_110	5.3038660367646075
Kocak|rand_111	5.0823261804491136
Kocak|rand_112	4.915909543293298
Kocak|rand_113	5.400362175402793
Kocak|rand_114	5.210338676942957
Kocak|rand_115	5.143323764174644
Kocak|rand_116	4.377630329194055
Kocak|rand_117	5.192826530778504
Kocak|rand_118	5.034418898332514
Kocak|rand_119	5.003822759449008
Kocak|rand_120	5.183703058460279
Kocak|rand_121	4.86712959394046
Kocak|rand_122	5.1435473842059665
Kocak|rand_123	4.917898297489792
Kocak|rand_124	5.364112507570493
Kocak|rand_125	5.06300311893903
Kocak|rand_126	5.021822526883379
Kocak|rand_127	5.19785902945445
Kocak|rand_128	5.124868655273481
Kocak|rand_129	5.289626471910848
Kocak|rand_130	5.123304272591926
Kocak|rand_131	5.010622040827842
Kocak|rand_132	5.1043169594246
Kocak|rand_133	5.171415099373128
Kocak|rand_134	4.834024342206882
Kocak|rand_135	4.698044680173157
Kocak|rand_136	4.82184073846913
Kocak|rand_137	5.102253507046766
Kocak|rand_138	5.17473160864306
Kocak|rand_139	5.151794269776586
Kocak|rand_140	5.183728853399948
Kocak|rand_141	4.8911607989111285
Kocak|rand_142	5.269074327546344
Kocak|rand_143	4.921619296687405
Kocak|rand_144	5.0280174655363945
Kocak|rand_145	5.179605396402758
Kocak|rand_146	4.997732020940447
Kocak|rand_147	4.9724049483583865
Kocak|rand_148	5.019646261154967
Kocak|rand_149	5.465865312574912
Kocak|rand_150	5.149683105350025
Kocak|rand_151	5.1121695086588685
Kocak|rand_152	5.117027253688991
Kocak|rand_153	5.170002002819487
Kocak|rand_154	5.019776138086242
Kocak|rand_155	5.276390878734115
Kocak|rand_156	5.101785860178682
Kocak|rand_157	5.143572898421958
Kocak|rand_158	5.168325976178974
Kocak|rand_159	5.356226735264589
Kocak|rand_160	4.930763067170571
Kocak|rand_161	5.017264089583116
Kocak|rand_162	5.2675347691014505
Kocak|rand_163	5.057684098357114
Kocak|rand_164	5.382281887606113
Kocak|rand_165	5.148666186673443
Kocak|rand_166	5.140635826751432
Kocak|rand_167	5.0617842741330294
Kocak|rand_168	5.307513137538172
Kocak|rand_169	4.34725266828509
Kocak|rand_170	5.07782951825857
Kocak|rand_171	5.087292684254379
Kocak|rand_172	4.6771423870798605
Kocak|rand_173	5.33627353705563
Kocak|rand_174	4.90137352077202
Kocak|rand_175	5.027264845739758
Kocak|rand_176	5.125134224430974
Kocak|rand_177	5.191631243465653
Kocak|rand_178	5.397437467264605
Kocak|rand_179	5.1493754959726585
Kocak|rand_180	5.114670661938007
Kocak|rand_181	5.109762943560695
Kocak|rand_182	5.161095832544849
Kocak|rand_183	5.000364519352351
Kocak|rand_184	4.986244059278793
Kocak|rand_185	4.954004393228461
Kocak|rand_186	5.100532948298361
Kocak|rand_187	4.9362309459193625
Kocak|rand_188	5.088560744729367
Kocak|rand_189	5.136670553703211
Kocak|rand_190	5.255732693723449
Kocak|rand_191	5.201544232668206
Kocak|rand_192	5.106420082334282
Kocak|rand_193	5.09521924851917
Kocak|rand_194	5.18174532024469
Kocak|rand_195	5.2444614227912085
Kocak|rand_196	5.333267715545926
Kocak|rand_197	4.958772221552594
Kocak|rand_198	5.379247057226851
Kocak|rand_199	5.184852758261706
Kocak|rand_200	5.091420461524254
Kocak|rand_201	5.160545622444103
Kocak|rand_202	5.0306121939304695
Kocak|rand_203	4.896868226954341
Kocak|rand_204	4.95006998845759
Kocak|rand_205	4.877841356628747
Kocak|rand_206	5.048219136838215
Kocak|rand_207	4.913780213783318
Kocak|rand_208	5.13651554659581
Kocak|rand_209	5.035932582834043
Kocak|rand_210	4.991407101792715
Kocak|rand_211	5.197023914417916
Kocak|rand_212	5.287801991516019
Kocak|rand_213	5.050590254757441
Kocak|rand_214	5.089609848654416
Kocak|rand_215	5.155411632614738
Kocak|rand_216	5.087931066312397
Kocak|rand_217	4.878425463091578
Kocak|rand_218	4.705481058322965
Kocak|rand_219	5.316070664939219
Kocak|rand_220	5.205873034654995
Kocak|rand_221	5.339660238200476
Kocak|rand_222	5.11965327800384
Kocak|rand_223	5.2794807496915865
Kocak|rand_224	5.108311250448043
Kocak|rand_225	5.22942924637765
Kocak|rand_226	5.16669335129572
Kocak|rand_227	5.1551231939581506
Kocak|rand_228	5.346861297167785
Kocak|rand_229	5.238460735572761
Kocak|rand_230	5.140712399770231
Kocak|rand_231	4.969617166493564
Kocak|rand_232	5.124173081602115
Kocak|rand_233	5.028416845735371
Kocak|rand_234	5.121762695032664
Kocak|rand_235	5.2826041081842465
Kocak|rand_236	5.078864286086947
Kocak|rand_237	5.134056018746818
Kocak|rand_238	4.875099598326226
Kocak|rand_239	5.060169132461653
Kocak|rand_240	4.986367015900749
Kocak|rand_241	5.082478856519591
Kocak|rand_242	4.873832383167636
Kocak|rand_243	5.489808659750928
Kocak|rand_244	5.116401732630069
Kocak|rand_245	5.214472302301362
Kocak|rand_246	4.953288502367328
Kocak|rand_247	5.060163485973926
Kocak|rand_248	4.869169452533766
Kocak|rand_249	5.111787197172686
Kocak|rand_250	4.981466497103346
Kocak|rand_251	5.2748989537509265
Kocak|rand_252	4.9668709608960455
Kocak|rand_253	5.216099781391617
Kocak|rand_254	5.1524819868136005
Kocak|rand_255	5.2970069267167545
Kocak|rand_256	5.273166772217968
Kocak|rand_257	4.957380564321946
Kocak|rand_258	5.00563870979059
Kocak|rand_259	5.295152993260377
Kocak|rand_260	5.105061463566132
Kocak|rand_261	4.87960512952985
Kocak|rand_262	5.301247719647617
Kocak|rand_263	5.2730544687502805
Kocak|rand_264	5.156654917285078
Kocak|rand_265	4.998150662826539
Kocak|rand_266	5.201859792714914
Kocak|rand_267	5.010256330687634
Kocak|rand_268	5.285161717823093
Kocak|rand_269	5.2701498403365274
Kocak|rand_270	5.009593142260938
Kocak|rand_271	5.129328302900889
Kocak|rand_272	5.039548296439134
Kocak|rand_273	5.092737511446321
Kocak|rand_274	5.131662523477752
Kocak|rand_275	4.69006653389125
Kocak|rand_276	5.164564774418861
Kocak|rand_277	5.001223148659297
Kocak|rand_278	5.122827923297964
Kocak|rand_279	5.224485750751103
Kocak|rand_280	5.092082685258023
Kocak|rand_281	4.983439011659309
Kocak|rand_282	5.043937345559401
Kocak|rand_283	4.8730880027510715
Kocak|rand_284	5.28551629899436
Kocak|rand_285	5.200495066389719
Kocak|rand_286	4.882127872836627
Kocak|rand_287	5.157465498914575
Kocak|rand_288	5.005501069574785
Kocak|rand_289	5.106271483975005
Kocak|rand_290	4.845668170071233
Kocak|rand_291	5.333598523363703
Kocak|rand_292	5.212846240858941
Kocak|rand_293	5.081154776000351
Kocak|rand_294	4.9264134613787265
Kocak|rand_295	5.20423871816899
Kocak|rand_296	4.9875809819353005
Kocak|rand_297	4.855755690671606
Kocak|rand_298	5.274832821370417
Kocak|rand_299	5.170297358980163
Kocak|rand_300	5.015955977261577
Kocak|rand_301	5.218215876336764
Kocak|rand_302	5.075454310476288
Kocak|rand_303	5.038834443788174
Kocak|rand_304	5.097893013538453
Kocak|rand_305	5.067747965169484
Kocak|rand_306	4.957202469470121
Kocak|rand_307	4.903287748053941
Kocak|rand_308	5.504069696010493
Kocak|rand_309	5.149904936154672
Kocak|rand_310	5.401035828809147
Kocak|rand_311	5.004969994140351
Kocak|rand_312	5.033420244171732
Kocak|rand_313	4.849564136456399
Kocak|rand_314	4.907162874661534
Kocak|rand_315	5.266884996324561
Kocak|rand_316	5.046319334026262
Kocak|rand_317	5.372367722454796
Kocak|rand_318	4.738439549713916
Kocak|rand_319	5.089204676455197
Kocak|rand_320	5.116927448175254
Kocak|rand_321	5.198881044946465
Kocak|rand_322	5.031797489468826
Kocak|rand_323	5.087401682055977
Kocak|rand_324	5.068631704144185
Kocak|rand_325	5.1003653271015486
Kocak|rand_326	5.181710059364998
Kocak|rand_327	5.086243016848294
Kocak|rand_328	5.155752735153228
Kocak|rand_329	5.159088236661401
Kocak|rand_330	4.860501601316791
Kocak|rand_331	5.209937552060025
Kocak|rand_332	5.259042798645588
Kocak|rand_333	5.272710254811637
Kocak|rand_334	5.063486522214887
Kocak|rand_335	5.1726704467679285
Kocak|rand_336	5.350843424424808
Kocak|rand_337	4.980319334163464
Kocak|rand_338	4.962409602146708
Kocak|rand_339	5.288989902115533
Kocak|rand_340	4.9575021449255114
Kocak|rand_341	4.860031907956221
Kocak|rand_342	5.1164079443546555
Kocak|rand_343	4.950333339835405
Kocak|rand_344	5.3373778791900826
Kocak|rand_345	5.2465696875307835
Kocak|rand_346	5.389293875131625
Kocak|rand_347	5.176574846698157
Kocak|rand_348	5.349878015048832
Kocak|rand_349	5.189787661418227
Kocak|rand_350	4.976184559570124
Kocak|rand_351	5.344540426345435
Kocak|rand_352	5.174134340782401
Kocak|rand_353	5.261118353462311
Kocak|rand_354	5.079322309083988
Kocak|rand_355	4.977859259518093
Kocak|rand_356	4.682910370301706
Kocak|rand_357	5.031363277875998
Kocak|rand_358	5.025003849661582
Kocak|rand_359	5.138440391248511
Kocak|rand_360	5.234276412835728
Kocak|rand_361	4.9248524266526985
Kocak|rand_362	5.142616410229248
Kocak|rand_363	4.745088303820658
Kocak|rand_364	5.232957411454486
Kocak|rand_365	4.927747414055275
Kocak|rand_366	5.067008206484736
Kocak|rand_367	4.9723182411428954
Kocak|rand_368	5.199966919920216
Kocak|rand_369	5.275326944326327
Kocak|rand_370	5.110479457561653
Kocak|rand_371	5.171520807495682
Kocak|rand_372	5.093387078395272
Kocak|rand_373	5.20889099649717
Kocak|rand_374	4.981499219558912
Kocak|rand_375	5.016122461270145
Kocak|rand_376	5.251983162812011
Kocak|rand_377	4.954646374413565
Kocak|rand_378	5.31866453350235
Kocak|rand_379	5.17839180191292
Kocak|rand_380	4.9507413648902014
Kocak|rand_381	5.2602874503066985
Kocak|rand_382	5.009919720355643
Kocak|rand_383	5.184483937675746
Kocak|rand_384	5.129049353058908
Kocak|rand_385	5.194354146152775
Kocak|rand_386	5.069646321604614
Kocak|rand_387	4.83286594026102
Kocak|rand_388	5.214961231150983
Kocak|rand_389	5.1894167249548175
Kocak|rand_390	4.722106664638959
Kocak|rand_391	5.272748392347191
Kocak|rand_392	5.279953538436031
Kocak|rand_393	5.212307928637435
Kocak|rand_394	5.15962103416621
Kocak|rand_395	5.288507614230776
Kocak|rand_396	4.95987222837932
Kocak|rand_397	5.30399203261
Kocak|rand_398	5.127615253639234
Kocak|rand_399	5.126918506345178
Kocak|rand_400	4.990177541020025
Kocak|rand_401	5.243595170620989
Kocak|rand_402	5.129554408756659
Kocak|rand_403	5.133373928536631
Kocak|rand_404	4.969210351901528
Kocak|rand_405	5.174325441419065
Kocak|rand_406	5.099558477920016
Kocak|rand_407	5.186825116467638
Kocak|rand_408	4.714813439782038
Kocak|rand_409	4.839068817702864
Kocak|rand_410	4.465024124919409
Kocak|rand_411	5.339395377698659
Kocak|rand_412	4.960126530533519
Kocak|rand_413	4.888347345743281
Kocak|rand_414	5.011570072724707
Kocak|rand_415	5.201211023450752
Kocak|rand_416	5.021999063650175
Kocak|rand_417	5.299325833151764
Kocak|rand_418	5.016093489857405
Kocak|rand_419	4.979916597336966
Kocak|rand_420	5.046826198831392
Kocak|rand_421	4.888959306981304
Kocak|rand_422	5.1155390249038035
Kocak|rand_423	5.0506988215351445
Kocak|rand_424	5.219736242692
Kocak|rand_425	5.026916793155695
Kocak|rand_426	5.118983587681754
Kocak|rand_427	5.222803683608018
Kocak|rand_428	5.216502174993828
Kocak|rand_429	5.007980681669065
Kocak|rand_430	4.598540716101586
Kocak|rand_431	5.229233382127976
Kocak|rand_432	5.272057467074285
Kocak|rand_433	5.14491678263219
Kocak|rand_434	5.170091017028904
Kocak|rand_435	5.112887777387804
Kocak|rand_436	5.015025884859268
Kocak|rand_437	5.129741432262346
Kocak|rand_438	5.022945006337022
Kocak|rand_439	4.794155598894668
Kocak|rand_440	5.176627967711983
Kocak|rand_441	4.851776827414787
Kocak|rand_442	5.054618592181187
Kocak|rand_443	4.995956908031128
Kocak|rand_444	5.012413909217276
Kocak|rand_445	4.816869931470734
Kocak|rand_446	5.050687106496323
Kocak|rand_447	5.146847026191347
Kocak|rand_448	5.140535967575674
Kocak|rand_449	4.81014513995347
Kocak|rand_450	5.043498483820228
Kocak|rand_451	5.501590808165607
Kocak|rand_452	5.207959144869886
Kocak|rand_453	5.400092142036453
Kocak|rand_454	5.109597666292834
Kocak|rand_455	5.028848613269036
Kocak|rand_456	5.640186288644651
Kocak|rand_457	4.595008493147004
Kocak|rand_458	5.217762924383115
Kocak|rand_459	5.118500607222404
Kocak|rand_460	5.127218663062569
Kocak|rand_461	5.02629500000623
Kocak|rand_462	5.086414364387634
Kocak|rand_463	5.155552936701943
Kocak|rand_464	5.257719828517407
Kocak|rand_465	5.1024472451356075
Kocak|rand_466	5.21960556119449
Kocak|rand_467	5.155333285981775
Kocak|rand_468	5.214626621344349
Kocak|rand_469	5.159890802582068
Kocak|rand_470	5.082597716583851
Kocak|rand_471	4.924080661442084
Kocak|rand_472	4.790313853858654
Kocak|rand_473	5.35531376438755
Kocak|rand_474	5.20702611059091
Kocak|rand_475	5.132712101108803
Kocak|rand_476	5.127450483815575
Kocak|rand_477	5.049617789591116
Kocak|rand_478	5.043006109712977
Kocak|rand_479	5.075432026337089
Kocak|rand_480	5.3822398596728735
Kocak|rand_481	5.16975644054911
Kocak|rand_482	5.08898342304669
Kocak|rand_483	5.028736710019905
Kocak|rand_484	5.175632163970359
Kocak|rand_485	5.1183846144936656
Kocak|rand_486	5.142956443091731
Kocak|rand_487	5.055547213835423
Kocak|rand_488	5.047611294312261
Kocak|rand_489	5.116754934588373
Kocak|rand_490	5.225959439143377
Kocak|rand_491	5.271410881518424
Kocak|rand_492	5.013801608494351
Kocak|rand_493	5.451511564712749
Kocak|rand_494	5.433396807327482
Kocak|rand_495	5.234726808327199
Kocak|rand_496	4.856742989423952
Kocak|rand_497	5.206170250902331
Kocak|rand_498	5.123886779884563
Kocak|rand_499	5.184001738163818
Kocak|rand_500	5.09534921175598
Kocak|rand_501	5.075327745172233
Kocak|rand_502	5.130574703385913
Kocak|rand_503	4.9613862458176525
Kocak|rand_504	4.848744478710917
Kocak|rand_505	5.059261455915006
Kocak|rand_506	5.0672412243303615
Kocak|rand_507	4.838576643479363
Kocak|rand_508	5.008798121072731
Kocak|rand_509	5.177475928003047
Kocak|rand_510	5.1390214283276
Kocak|rand_511	5.123994292921223
Kocak|rand_512	5.218531138522942
Kocak|rand_513	5.285542080525408
Kocak|rand_514	4.700832573556336
Kocak|rand_515	5.20829218725868
Kocak|rand_516	5.184580112556049
Kocak|rand_517	5.191387360302002
Kocak|rand_518	4.806325210153787
Kocak|rand_519	5.064090390138574
Kocak|rand_520	5.253132055140789
Kocak|rand_521	5.274939057903472
Kocak|rand_522	5.0495837831165264
Kocak|rand_523	5.025304019742796
Kocak|rand_524	4.959804626881116
Kocak|rand_525	5.099256011046546
Kocak|rand_526	5.281527882046696
Kocak|rand_527	5.160496411689706
Kocak|rand_528	4.995854120198129
Kocak|rand_529	5.1778675720420395
Kocak|rand_530	4.827121020411604
Kocak|rand_531	5.355618282564036
Kocak|rand_532	4.85895041842312
Kocak|rand_533	4.927681406880252
Kocak|rand_534	5.102565975301771
Kocak|rand_535	5.152515374781982
Kocak|rand_536	5.033358782605148
Kocak|rand_537	4.7510517391429765
Kocak|rand_538	5.344362107194572
Kocak|rand_539	5.071776889983916
Kocak|rand_540	5.011307142855483
Kocak|rand_541	5.002945918654298
Kocak|rand_542	4.8458641590590625
Kocak|rand_543	5.092616097520507
Kocak|rand_544	5.295609505846167
Kocak|rand_545	5.07445146525735
Kocak|rand_546	5.223863582125179
Kocak|rand_547	5.256879121340141
Kocak|rand_548	4.885954405859382
Kocak|rand_549	5.019799773947936
Kocak|rand_550	4.834145485590486
Kocak|rand_551	5.06866599773495
Kocak|rand_552	5.352813381281843
Kocak|rand_553	5.097110928895789
Kocak|rand_554	5.009577681578956
Kocak|rand_555	5.138046323031321
Kocak|rand_556	5.047731789336173
Kocak|rand_557	5.143362970117242
Kocak|rand_558	4.962212990463959
Kocak|rand_559	5.238651826026653
Kocak|rand_560	5.214376165406988
Kocak|rand_561	5.267117080331272
Kocak|rand_562	5.196286596310166
Kocak|rand_563	5.065252835026132
Kocak|rand_564	5.007840498144687
Kocak|rand_565	5.146717005902726
Kocak|rand_566	5.012036517754006
Kocak|rand_567	5.19434586836997
Kocak|rand_568	5.180211619063839
Kocak|rand_569	4.912833307351245
Kocak|rand_570	5.273260356782446
Kocak|rand_571	5.037248832187245
Kocak|rand_572	5.131055437442902
Kocak|rand_573	4.674696734055624
Kocak|rand_574	5.245085900644797
Kocak|rand_575	5.155261096913635
Kocak|rand_576	5.347132426356727
Kocak|rand_577	4.99070191814985
Kocak|rand_578	5.423540248492069
Kocak|rand_579	4.963566697308902
Kocak|rand_580	5.034622606374937
Kocak|rand_581	5.060112887320156
Kocak|rand_582	5.232902318907266
Kocak|rand_583	4.743904840600037
Kocak|rand_584	5.223374142845173
Kocak|rand_585	5.255177857758052
Kocak|rand_586	5.0784936060835175
Kocak|rand_587	5.073295737656242
Kocak|rand_588	5.108568891621345
Kocak|rand_589	4.666774844182206
Kocak|rand_590	5.214528379661746
Kocak|rand_591	4.879024221814138
Kocak|rand_592	5.007616929390737
Kocak|rand_593	4.8229147395703595
Kocak|rand_594	5.16765013306215
Kocak|rand_595	4.918899845192211
Kocak|rand_596	4.8939907385591175
Kocak|rand_597	5.188343177093198
Kocak|rand_598	5.410613557849907
Kocak|rand_599	5.074460964567236
Kocak|rand_600	5.608143679492919
Kocak|rand_601	4.890522340337309
Kocak|rand_602	5.32380752343479
Kocak|rand_603	5.302544104433876
Kocak|rand_604	5.090571619588955
Kocak|rand_605	5.18782246200616
Kocak|rand_606	4.860096506912365
Kocak|rand_607	5.502976428622742
Kocak|rand_608	4.9410741416769675
Kocak|rand_609	5.103911320029995
Kocak|rand_610	5.082967638897385
Kocak|rand_611	5.0584687880050785
Kocak|rand_612	4.788321436342784
Kocak|rand_613	4.825753798400047
Kocak|rand_614	4.904468773479387
Kocak|rand_615	5.233823267705167
Kocak|rand_616	5.229235644716685
Kocak|rand_617	4.729204687147299
Kocak|rand_618	5.119434563634681
Kocak|rand_619	5.315469721581795
Kocak|rand_620	5.234810347005013
Kocak|rand_621	5.10090395561815
Kocak|rand_622	4.998958248699621
Kocak|rand_623	5.077350681173767
Kocak|rand_624	5.1961429105166825
Kocak|rand_625	5.037685090437925
Kocak|rand_626	5.050988169273493
Kocak|rand_627	4.953829525550112
Kocak|rand_628	4.9512144585655955
Kocak|rand_629	5.001901956267144
Kocak|rand_630	4.770423335030318
Kocak|rand_631	5.151967443850751
Kocak|rand_632	5.1000225572546345
Kocak|rand_633	5.147023343505812
Kocak|rand_634	5.457005642927515
Kocak|rand_635	5.11794546937392
Kocak|rand_636	4.514456800708131
Kocak|rand_637	5.06424329546324
Kocak|rand_638	5.355185548432281
Kocak|rand_639	5.163518910457727
Kocak|rand_640	4.929086027418695
Kocak|rand_641	5.043069381250751
Kocak|rand_642	4.996881155549122
Kocak|rand_643	5.026127082890471
Kocak|rand_644	4.852939973720486
Kocak|rand_645	4.72327568142027
Kocak|rand_646	4.650302098230933
Kocak|rand_647	4.894761528263842
Kocak|rand_648	5.22296318901537
Kocak|rand_649	5.259173098334839
Kocak|rand_650	5.249208638985565
Kocak|rand_651	4.856209388493802
Kocak|rand_652	5.030471869903164
Kocak|rand_653	5.245075917902163
Kocak|rand_654	5.006104735277346
Kocak|rand_655	5.124765947439055
Kocak|rand_656	5.165082643861011
Kocak|rand_657	4.542239155289932
Kocak|rand_658	5.34329084928207
Kocak|rand_659	5.232690435822429
Kocak|rand_660	5.138232790146157
Kocak|rand_661	5.251397827503842
Kocak|rand_662	5.25328431720161
Kocak|rand_663	4.394592027785476
Kocak|rand_664	5.315593345390758
Kocak|rand_665	5.31424873413423
Kocak|rand_666	4.501138661059896
Kocak|rand_667	5.439723592957177
Kocak|rand_668	4.910851403782033
Kocak|rand_669	5.286041233148489
Kocak|rand_670	5.076591917165992
Kocak|rand_671	5.458706667850941
Kocak|rand_672	5.099671665489396
Kocak|rand_673	5.146739304611413
Kocak|rand_674	5.016147080121433
Kocak|rand_675	5.29910720422315
Kocak|rand_676	5.137727842441661
Kocak|rand_677	5.179456727685017
Kocak|rand_678	5.158214224078282
Kocak|rand_679	5.111770864605323
Kocak|rand_680	4.999224526722852
Kocak|rand_681	5.085774930977018
Kocak|rand_682	5.295116506411758
Kocak|rand_683	5.054336602854134
Kocak|rand_684	5.142892683615716
Kocak|rand_685	4.957804269411342
Kocak|rand_686	5.295269124281546
Kocak|rand_687	5.173084626188019
Kocak|rand_688	5.256628321330469
Kocak|rand_689	5.140776181953007
Kocak|rand_690	4.857588561245629
Kocak|rand_691	5.3907502547580926
Kocak|rand_692	5.120345089642655
Kocak|rand_693	5.495834667201119
Kocak|rand_694	4.819478382053649
Kocak|rand_695	4.974368865869433
Kocak|rand_696	5.33976530613256
Kocak|rand_697	5.065027226863305
Kocak|rand_698	5.101971833785972
Kocak|rand_699	4.987822100331534
Kocak|rand_700	5.20238271252622
Kocak|rand_701	5.63903570768439
Kocak|rand_702	5.257167332928556
Kocak|rand_703	4.824578898161614
Kocak|rand_704	5.257099294072143
Kocak|rand_705	4.808383800873925
Kocak|rand_706	4.931570073539104
Kocak|rand_707	5.039590307933577
Kocak|rand_708	4.932694629281608
Kocak|rand_709	5.26949203224906
Kocak|rand_710	5.385157088169598
Kocak|rand_711	5.260377223537103
Kocak|rand_712	5.024679409965142
Kocak|rand_713	4.958194618531969
Kocak|rand_714	5.252006474454229
Kocak|rand_715	5.160323752342052
Kocak|rand_716	5.032407182438615
Kocak|rand_717	5.144359652614594
Kocak|rand_718	5.342049989493126
Kocak|rand_719	4.798449129635191
Kocak|rand_720	5.449679196254696
Kocak|rand_721	5.028289211650217
Kocak|rand_722	5.172986276271754
Kocak|rand_723	5.220309965220186
Kocak|rand_724	4.8776866042569695
Kocak|rand_725	5.285617040757541
Kocak|rand_726	5.206150717654673
Kocak|rand_727	5.17374241303958
Kocak|rand_728	4.9442550618118455
Kocak|rand_729	5.292227679858531
Kocak|rand_730	5.21009221644629
Kocak|rand_731	5.164363562408093
Kocak|rand_732	5.1398699687979255
Kocak|rand_733	4.945249942366527
Kocak|rand_734	5.248551442231734
Kocak|rand_735	5.192656903162915
Kocak|rand_736	5.237069602053055
Kocak|rand_737	5.342700997479077
Kocak|rand_738	4.763192065421668
Kocak|rand_739	5.002467445590413
Kocak|rand_740	5.100556262392923
Kocak|rand_741	5.248212046146569
Kocak|rand_742	4.425050541591548
Kocak|rand_743	5.135533047644753
Kocak|rand_744	5.165188887062091
Kocak|rand_745	4.8728136005122815
Kocak|rand_746	5.0468019475402395
Kocak|rand_747	5.319579951409231
Kocak|rand_748	5.05865152014428
Kocak|rand_749	5.281299902942823
Kocak|rand_750	5.01290325093023
Kocak|rand_751	5.055999759950049
Kocak|rand_752	5.045803526691294
Kocak|rand_753	4.848399436159851
Kocak|rand_754	5.091196181971702
Kocak|rand_755	5.255667290857582
Kocak|rand_756	4.844799842739906
Kocak|rand_757	5.220050463203979
Kocak|rand_758	5.286938163579966
Kocak|rand_759	5.094705986699033
Kocak|rand_760	5.191825083886138
Kocak|rand_761	5.030298232511332
Kocak|rand_762	4.787809897683643
Kocak|rand_763	4.97362949287952
Kocak|rand_764	4.931432601472737
Kocak|rand_765	4.951291664042958
Kocak|rand_766	5.214866307252346
Kocak|rand_767	5.221610188577438
Kocak|rand_768	5.138484223647978
Kocak|rand_769	4.9862627539852395
Kocak|rand_770	4.950535554497833
Kocak|rand_771	5.0924536492685615
Kocak|rand_772	5.085063097013369
Kocak|rand_773	5.089144702487421
Kocak|rand_774	5.171212366405727
Kocak|rand_775	4.975897835192704
Kocak|rand_776	5.191939153056469
Kocak|rand_777	5.080423052018145
Kocak|rand_778	5.323389941758817
Kocak|rand_779	5.358024520943516
Kocak|rand_780	5.2612530288371415
Kocak|rand_781	5.129557413533316
Kocak|rand_782	5.112468837978503
Kocak|rand_783	5.0706064582936765
Kocak|rand_784	5.067010306027556
Kocak|rand_785	4.799668393465784
Kocak|rand_786	5.324024469743049
Kocak|rand_787	5.156161370595421
Kocak|rand_788	5.111336700650419
Kocak|rand_789	5.029543715899296
Kocak|rand_790	5.174328998674186
Kocak|rand_791	5.178103535947685
Kocak|rand_792	5.0363024365670555
Kocak|rand_793	5.019410165531801
Kocak|rand_794	5.109595700858133
Kocak|rand_795	4.9512998677073305
Kocak|rand_796	4.882137640694519
Kocak|rand_797	5.128740604514996
Kocak|rand_798	5.015240214326319
Kocak|rand_799	4.928344349966816
Kocak|rand_800	5.1805913021792165
Kocak|rand_801	4.140577785499134
Kocak|rand_802	5.115344809220005
Kocak|rand_803	5.154181476055809
Kocak|rand_804	4.9338578468573875
Kocak|rand_805	5.082706645051177
Kocak|rand_806	4.8673140214186
Kocak|rand_807	5.366863289888938
Kocak|rand_808	5.017740763505143
Kocak|rand_809	4.963505678452313
Kocak|rand_810	5.298741530788198
Kocak|rand_811	5.07042908499985
Kocak|rand_812	4.897846145871589
Kocak|rand_813	5.319726279856219
Kocak|rand_814	4.969762566335291
Kocak|rand_815	5.077453708959501
Kocak|rand_816	4.999633154964966
Kocak|rand_817	5.108944537806916
Kocak|rand_818	5.074537255215256
Kocak|rand_819	4.626878971417179
Kocak|rand_820	5.074548979033231
Kocak|rand_821	5.124515140330276
Kocak|rand_822	5.186787672269205
Kocak|rand_823	4.715539015254783
Kocak|rand_824	5.108521502693147
Kocak|rand_825	5.097451082400771
Kocak|rand_826	5.111156466760175
Kocak|rand_827	5.096916499155939
Kocak|rand_828	4.746962620021004
Kocak|rand_829	4.893230153927747
Kocak|rand_830	5.038970408149065
Kocak|rand_831	4.968329581270469
Kocak|rand_832	5.127723136360829
Kocak|rand_833	4.950457420407465
Kocak|rand_834	4.998056746356115
Kocak|rand_835	5.002675999884506
Kocak|rand_836	5.214714453414998
Kocak|rand_837	5.170692299446773
Kocak|rand_838	5.162530074949339
Kocak|rand_839	5.081323605951855
Kocak|rand_840	5.003211552261289
Kocak|rand_841	5.083846112103193
Kocak|rand_842	4.887510198044594
Kocak|rand_843	4.880862647933042
Kocak|rand_844	4.959932896063519
Kocak|rand_845	4.905132602888239
Kocak|rand_846	5.310037381524739
Kocak|rand_847	5.2543068061985005
Kocak|rand_848	4.897734518757799
Kocak|rand_849	4.858271202769282
Kocak|rand_850	5.342757000329998
Kocak|rand_851	5.115513606483719
Kocak|rand_852	5.22694799388991
Kocak|rand_853	5.257189156462016
Kocak|rand_854	5.11667006872628
Kocak|rand_855	4.868132725082767
Kocak|rand_856	4.981077013148209
Kocak|rand_857	5.25541111917374
Kocak|rand_858	5.019254845819612
Kocak|rand_859	5.341881318252785
Kocak|rand_860	5.192666217614344
Kocak|rand_861	5.075277945538789
Kocak|rand_862	5.118234538739288
Kocak|rand_863	4.785258661774167
Kocak|rand_864	5.154622152888499
Kocak|rand_865	5.1536275863525915
Kocak|rand_866	4.962827622110969
Kocak|rand_867	5.146392284451305
Kocak|rand_868	4.856545888456222
Kocak|rand_869	5.120614138859783
Kocak|rand_870	5.224601798052052
Kocak|rand_871	5.098487361260745
Kocak|rand_872	5.04108698358296
Kocak|rand_873	5.081790217120645
Kocak|rand_874	4.912843981500557
Kocak|rand_875	4.969205796114635
Kocak|rand_876	5.164927408077626
Kocak|rand_877	5.268379993607573
Kocak|rand_878	4.973009389282753
Kocak|rand_879	5.0937706217575265
Kocak|rand_880	5.093073095711351
Kocak|rand_881	5.008652029614295
Kocak|rand_882	5.142554376630565
Kocak|rand_883	4.952538577188785
Kocak|rand_884	5.150921222777372
Kocak|rand_885	5.151374286752379
Kocak|rand_886	5.161618983512405
Kocak|rand_887	5.1910078621545495
Kocak|rand_888	5.12639081465749
Kocak|rand_889	5.041675346933853
Kocak|rand_890	5.214664800869249
Kocak|rand_891	5.124729136863168
Kocak|rand_892	4.763447384167187
Kocak|rand_893	4.813506394830989
Kocak|rand_894	5.346686531178163
Kocak|rand_895	5.2454386870558185
Kocak|rand_896	5.288213308454735
Kocak|rand_897	5.186429158513129
Kocak|rand_898	5.194671425012787
Kocak|rand_899	5.125931856606956
Kocak|rand_900	4.965130178892889
Kocak|rand_901	5.29189008399027
Kocak|rand_902	4.900746783293946
Kocak|rand_903	5.452084361871253
Kocak|rand_904	4.924302044267345
Kocak|rand_905	5.179456351490721
Kocak|rand_906	5.302118490424863
Kocak|rand_907	5.204855119924387
Kocak|rand_908	4.821966563716028
Kocak|rand_909	5.161555624625457
Kocak|rand_910	4.649236217266799
Kocak|rand_911	5.119413939047457
Kocak|rand_912	5.243578842050659
Kocak|rand_913	5.13066100011044
Kocak|rand_914	5.281862328638336
Kocak|rand_915	5.236940141014499
Kocak|rand_916	5.034277652559175
Kocak|rand_917	5.1892247224163786
Kocak|rand_918	5.258071657920307
Kocak|rand_919	5.160126263593451
Kocak|rand_920	4.926053973103072
Kocak|rand_921	5.152349454654789
Kocak|rand_922	5.1410277860260845
Kocak|rand_923	5.263676476814402
Kocak|rand_924	4.872365009431821
Kocak|rand_925	4.976143801783573
Kocak|rand_926	5.217017013711166
Kocak|rand_927	5.047974356549238
Kocak|rand_928	5.269747192784504
Kocak|rand_929	4.774060139066366
Kocak|rand_930	4.83654907992588
Kocak|rand_931	4.986202255798354
Kocak|rand_932	5.293438118149512
Kocak|rand_933	5.287213828353677
Kocak|rand_934	5.076629002085531
Kocak|rand_935	4.826615477878971
Kocak|rand_936	4.930017200908494
Kocak|rand_937	4.838260475740541
Kocak|rand_938	4.673495106992918
Kocak|rand_939	4.869456625986141
Kocak|rand_940	5.12380927229254
Kocak|rand_941	5.130812553151186
Kocak|rand_942	4.7662494399777895
Kocak|rand_943	5.045954489259127
Kocak|rand_944	5.408710385411071
Kocak|rand_945	4.823167827770215
Kocak|rand_946	5.161296856311948
Kocak|rand_947	5.259051378260729
Kocak|rand_948	5.073344677374508
Kocak|rand_949	4.956621848453079
Kocak|rand_950	5.062444917779605
Kocak|rand_951	4.762433378669274
Kocak|rand_952	5.184663644206376
Kocak|rand_953	5.221131211166669
Kocak|rand_954	4.728915984147822
Kocak|rand_955	5.279582846723825
Kocak|rand_956	5.324721973237486
Kocak|rand_957	4.9002959527931145
Kocak|rand_958	4.917805208293645
Kocak|rand_959	5.209108312934629
Kocak|rand_960	5.331230014903482
Kocak|rand_961	5.251646994035121
Kocak|rand_962	5.359684838408141
Kocak|rand_963	5.135415167819202
Kocak|rand_964	5.0605863474781465
Kocak|rand_965	5.1277333093067625
Kocak|rand_966	5.1152366878194755
Kocak|rand_967	5.2284716469469386
Kocak|rand_968	5.233120624031037
Kocak|rand_969	5.127785337116769
Kocak|rand_970	5.1606823916731965
Kocak|rand_971	5.133270974157603
Kocak|rand_972	4.973459716810699
Kocak|rand_973	5.042147663742475
Kocak|rand_974	5.2734917637947385
Kocak|rand_975	5.121312671618145
Kocak|rand_976	5.231601894044458
Kocak|rand_977	5.215583550578914
Kocak|rand_978	5.227462501329399
Kocak|rand_979	5.3327712645170084
Kocak|rand_980	5.2382363567727985
Kocak|rand_981	4.902995317875927
Kocak|rand_982	5.196550703003502
Kocak|rand_983	4.967813839548116
Kocak|rand_984	4.957793902558299
Kocak|rand_985	4.943250662900328
Kocak|rand_986	5.077963470584836
Kocak|rand_987	5.0387839868500635
Kocak|rand_988	5.231733685929552
Kocak|rand_989	4.9024904344983185
Kocak|rand_990	5.068869511105853
Kocak|rand_991	5.030889462512001
Kocak|rand_992	5.224247042145026
Kocak|rand_993	4.853152993144481
Kocak|rand_994	5.162360098187218
Kocak|rand_995	5.071313679011793
Kocak|rand_996	5.177852801049738
Kocak|rand_997	5.40608975854625
Kocak|rand_998	5.337733892552552
Kocak|rand_999	4.937655878285035
Kocak|rand_1000	4.93255799745436
