panel_name	dropped_gene	meta_delta_ccd	meta_ci_low	meta_ci_high	meta_p_two_sided
drop_ARNTL	ARNTL	0.3040756622043105	0.1164723295364054	0.4916789948722155	0.0014888223916709
drop_CLOCK	CLOCK	0.3266473802971253	0.1410297497904184	0.5122650108038322	0.0005622889791214
drop_CRY1	CRY1	0.3165217164745369	0.1289591256990569	0.504084307250017	0.0009409814363963
drop_CRY2	CRY2	0.3140211271543753	0.1334309768475917	0.494611277461159	0.0006540083116428
drop_DBP	DBP	0.3533646983266367	0.1635260005277607	0.5432033961255126	0.0002639472627012
drop_NPAS2	NPAS2	0.3209236315566069	0.1349524561771103	0.5068948069361036	0.0007188158203006
drop_NR1D1	NR1D1	0.2050301007797454	0.0280624190039536	0.3819977825555372	0.0231588190538469
drop_NR1D2	NR1D2	0.3768929830051503	0.1884139981276893	0.5653719678826112	8.879760347231277e-05
drop_PER1	PER1	0.2574802412118362	0.0786275673460597	0.4363329150776127	0.0047775934528085
drop_PER2	PER2	0.3064386696183213	0.1112829122348195	0.501594427001823	0.0020864455539699
drop_PER3	PER3	0.283501906630302	0.0982924126750315	0.4687114005855726	0.0026981093161971
drop_TEF	TEF	0.3479845189982006	0.1693125040462154	0.5266565339501859	0.0001349048585327
full_panel	<none>	0.3390749722460321	0.1420246927986435	0.5361252516934207	0.0007444122267772
