panel_name	dropped_gene	n_genes_in_panel	genes_in_panel	database_name	contrast_variable	group_a	group_b	n_group_a	n_group_b	ccd_group_a	ccd_group_b	delta_ccd	delta_ccd_boot_ci_low	delta_ccd_boot_ci_high	delta_ccd_boot_se	p_perm_one_sided_a_gt_b	p_perm_two_sided	n_permutations	n_bootstraps	seed	meta_delta_ccd	meta_se	meta_ci_low	meta_ci_high	meta_z	meta_p_two_sided	full_panel_delta_ccd	full_panel_p_perm_two_sided	full_panel_p_perm_one_sided_a_gt_b	full_panel_ci_low	full_panel_ci_high	delta_ccd_shift_vs_full
full_panel	<none>	12	ARNTL|CLOCK|CRY1|CRY2|DBP|NPAS2|NR1D1|NR1D2|PER1|PER2|PER3|TEF	SEQC	inss_stage_5cat	st4	st1	183	121	2.8676458627551384	2.3955820265739693	0.4720638361811691	0.1403259029921514	0.716047910608404	0.1490256672237203	0.0017996400719856	0.0055988802239552	5000	2000	42	0.46752032021893	0.1066475484509802	0.2584911252550086	0.6765495151828513	4.3837887228492844	1.1663289327922492e-05	0.4720638361811691	0.0055988802239552	0.0017996400719856	0.1403259029921514	0.716047910608404	0.0
full_panel	<none>	12	ARNTL|CLOCK|CRY1|CRY2|DBP|NPAS2|NR1D1|NR1D2|PER1|PER2|PER3|TEF	Kocak	inss_stage_5cat	st4	st1	214	153	2.8403016775561167	2.37755079200116	0.4627508855549571	0.1386440336643361	0.7174003674583216	0.1526857468613008	0.0027994401119776	0.0055988802239552	5000	2000	42	0.46752032021893	0.1066475484509802	0.2584911252550086	0.6765495151828513	4.3837887228492844	1.1663289327922492e-05	0.4627508855549571	0.0055988802239552	0.0027994401119776	0.1386440336643361	0.7174003674583216	0.0
drop_ARNTL	ARNTL	11	CLOCK|CRY1|CRY2|DBP|NPAS2|NR1D1|NR1D2|PER1|PER2|PER3|TEF	SEQC	inss_stage_5cat	st4	st1	183	121	2.612424157959253	2.265242023322395	0.3471821346368582	0.0313745793068884	0.5799533286369806	0.1394829936399389	0.0045990801839632	0.0167966406718656	5000	2000	43	0.3503887907755071	0.1049199232824801	0.144745741141846	0.5560318404091682	3.3395829868474194	0.0008390427794504	0.4720638361811691	0.0055988802239552	0.0017996400719856	0.1403259029921514	0.716047910608404	-0.12488170154431089
drop_ARNTL	ARNTL	11	CLOCK|CRY1|CRY2|DBP|NPAS2|NR1D1|NR1D2|PER1|PER2|PER3|TEF	Kocak	inss_stage_5cat	st4	st1	214	153	2.6202651263581127	2.2656975545006515	0.3545675718574612	0.0287189748375575	0.6384874157403513	0.159228159082974	0.0121975604879024	0.0375924815036992	5000	2000	43	0.3503887907755071	0.1049199232824801	0.144745741141846	0.5560318404091682	3.3395829868474194	0.0008390427794504	0.4627508855549571	0.0055988802239552	0.0027994401119776	0.1386440336643361	0.7174003674583216	-0.1081833136974959
drop_CLOCK	CLOCK	11	ARNTL|CRY1|CRY2|DBP|NPAS2|NR1D1|NR1D2|PER1|PER2|PER3|TEF	SEQC	inss_stage_5cat	st4	st1	183	121	2.8136910207239194	2.335356786482285	0.4783342342416339	0.124411703848636	0.7340211445882849	0.1529946967538018	0.0011997600479904	0.0025994801039792	5000	2000	44	0.4176152415149997	0.1029620272104911	0.215809668182437	0.6194208148475625	4.05601222925851	4.991764696399722e-05	0.4720638361811691	0.0055988802239552	0.0017996400719856	0.1403259029921514	0.716047910608404	0.00627039806046481
drop_CLOCK	CLOCK	11	ARNTL|CRY1|CRY2|DBP|NPAS2|NR1D1|NR1D2|PER1|PER2|PER3|TEF	Kocak	inss_stage_5cat	st4	st1	214	153	2.6546528018464057	2.287301729606484	0.3673510722399218	0.0628221169082729	0.6104018896294748	0.1392013196912845	0.0067986402719456	0.0151969606078784	5000	2000	44	0.4176152415149997	0.1029620272104911	0.215809668182437	0.6194208148475625	4.05601222925851	4.991764696399722e-05	0.4627508855549571	0.0055988802239552	0.0027994401119776	0.1386440336643361	0.7174003674583216	-0.09539981331503528
drop_CRY1	CRY1	11	ARNTL|CLOCK|CRY2|DBP|NPAS2|NR1D1|NR1D2|PER1|PER2|PER3|TEF	SEQC	inss_stage_5cat	st4	st1	183	121	2.607888871454721	2.0789874662774603	0.5289014051772605	0.1841100431055651	0.7566272358473284	0.1432723600206761	0.0003999200159968	0.0005998800239952	5000	2000	45	0.4814533809338791	0.1008605751426185	0.2837666536543467	0.6791401082134115	4.773454645217874	1.810923462481586e-06	0.4720638361811691	0.0055988802239552	0.0017996400719856	0.1403259029921514	0.716047910608404	0.05683756899609138
drop_CRY1	CRY1	11	ARNTL|CLOCK|CRY2|DBP|NPAS2|NR1D1|NR1D2|PER1|PER2|PER3|TEF	Kocak	inss_stage_5cat	st4	st1	214	153	2.556574682920953	2.1217387066249813	0.4348359762959721	0.1288716708022737	0.683279708593236	0.1420127684626805	0.0007998400319936	0.0021995600879824	5000	2000	45	0.4814533809338791	0.1008605751426185	0.2837666536543467	0.6791401082134115	4.773454645217874	1.810923462481586e-06	0.4627508855549571	0.0055988802239552	0.0027994401119776	0.1386440336643361	0.7174003674583216	-0.027914909258984988
drop_CRY2	CRY2	11	ARNTL|CLOCK|CRY1|DBP|NPAS2|NR1D1|NR1D2|PER1|PER2|PER3|TEF	SEQC	inss_stage_5cat	st4	st1	183	121	2.2489386693010003	1.8679299600014567	0.3810087092995431	0.0114622438319692	0.6397255435159227	0.1582920747255605	0.0061987602479504	0.0249950009998	5000	2000	46	0.3984294638482004	0.1115710541898464	0.1797501976361013	0.6171087300602995	3.571082721601276	0.0003555085835984	0.4720638361811691	0.0055988802239552	0.0017996400719856	0.1403259029921514	0.716047910608404	-0.09105512688162598
drop_CRY2	CRY2	11	ARNTL|CLOCK|CRY1|DBP|NPAS2|NR1D1|NR1D2|PER1|PER2|PER3|TEF	Kocak	inss_stage_5cat	st4	st1	214	153	2.5077035381764032	2.092074640030785	0.4156288981456182	0.0725960666551937	0.7079854737573662	0.1572833577034819	0.0033993201359728	0.0085982803439312	5000	2000	46	0.3984294638482004	0.1115710541898464	0.1797501976361013	0.6171087300602995	3.571082721601276	0.0003555085835984	0.4627508855549571	0.0055988802239552	0.0027994401119776	0.1386440336643361	0.7174003674583216	-0.04712198740933887
drop_DBP	DBP	11	ARNTL|CLOCK|CRY1|CRY2|NPAS2|NR1D1|NR1D2|PER1|PER2|PER3|TEF	SEQC	inss_stage_5cat	st4	st1	183	121	2.639912577579203	2.2214762080538337	0.4184363695253692	0.0844053973839644	0.6670359607223771	0.1465570176494664	0.0033993201359728	0.0101979604079184	5000	2000	47	0.4679234172797758	0.1070616549739091	0.2580825735309138	0.6777642610286378	4.370597646690669	1.2390692815229812e-05	0.4720638361811691	0.0055988802239552	0.0017996400719856	0.1403259029921514	0.716047910608404	-0.05362746665579987
drop_DBP	DBP	11	ARNTL|CLOCK|CRY1|CRY2|NPAS2|NR1D1|NR1D2|PER1|PER2|PER3|TEF	Kocak	inss_stage_5cat	st4	st1	214	153	2.599893488742679	2.075341954624748	0.524551534117931	0.1828664739740035	0.776677189676816	0.1567750346899291	0.0003999200159968	0.0011997600479904	5000	2000	47	0.4679234172797758	0.1070616549739091	0.2580825735309138	0.6777642610286378	4.370597646690669	1.2390692815229812e-05	0.4627508855549571	0.0055988802239552	0.0027994401119776	0.1386440336643361	0.7174003674583216	0.0618006485629739
drop_NPAS2	NPAS2	11	ARNTL|CLOCK|CRY1|CRY2|DBP|NR1D1|NR1D2|PER1|PER2|PER3|TEF	SEQC	inss_stage_5cat	st4	st1	183	121	2.6838357246914404	2.276314962416975	0.4075207622744652	0.0829725052482751	0.6586887979224485	0.1447650500431126	0.0035992801439712	0.0105978804239152	5000	2000	48	0.3911058665275775	0.1060996869313475	0.1831504801421363	0.5990612529130188	3.68621131540798	0.0002276173722888	0.4720638361811691	0.0055988802239552	0.0017996400719856	0.1403259029921514	0.716047910608404	-0.06454307390670389
drop_NPAS2	NPAS2	11	ARNTL|CLOCK|CRY1|CRY2|DBP|NR1D1|NR1D2|PER1|PER2|PER3|TEF	Kocak	inss_stage_5cat	st4	st1	214	153	2.5918447248732157	2.2197892812891618	0.3720554435840535	0.0356585416342047	0.6638816673939189	0.1559541627164528	0.0085982803439312	0.0201959608078384	5000	2000	48	0.3911058665275775	0.1060996869313475	0.1831504801421363	0.5990612529130188	3.68621131540798	0.0002276173722888	0.4627508855549571	0.0055988802239552	0.0027994401119776	0.1386440336643361	0.7174003674583216	-0.09069544197090357
drop_NR1D1	NR1D1	11	ARNTL|CLOCK|CRY1|CRY2|DBP|NPAS2|NR1D2|PER1|PER2|PER3|TEF	SEQC	inss_stage_5cat	st4	st1	183	121	2.529391342805662	2.0928997746927287	0.4364915681129333	0.0870864861705291	0.6964149933157608	0.1569223876720502	0.0015996800639872	0.006998600279944	5000	2000	49	0.4437558867668169	0.1086232256990564	0.2308543643966662	0.6566574091369677	4.085276274120733	4.402440221400958e-05	0.4720638361811691	0.0055988802239552	0.0017996400719856	0.1403259029921514	0.716047910608404	-0.03557226806823577
drop_NR1D1	NR1D1	11	ARNTL|CLOCK|CRY1|CRY2|DBP|NPAS2|NR1D2|PER1|PER2|PER3|TEF	Kocak	inss_stage_5cat	st4	st1	214	153	2.519774230694148	2.0693354964307296	0.4504387342634186	0.1255573241279141	0.7164399394261145	0.1505109994358981	0.0007998400319936	0.0025994801039792	5000	2000	49	0.4437558867668169	0.1086232256990564	0.2308543643966662	0.6566574091369677	4.085276274120733	4.402440221400958e-05	0.4627508855549571	0.0055988802239552	0.0027994401119776	0.1386440336643361	0.7174003674583216	-0.012312151291538453
drop_NR1D2	NR1D2	11	ARNTL|CLOCK|CRY1|CRY2|DBP|NPAS2|NR1D1|PER1|PER2|PER3|TEF	SEQC	inss_stage_5cat	st4	st1	183	121	2.8012728757087224	2.2856981752948258	0.5155747004138966	0.2010289223110555	0.7523995819751114	0.138548697428561	0.0001999600079984	0.0007998400319936	5000	2000	50	0.4894339157156703	0.0990387613544784	0.2953179434608926	0.683549887970448	4.941842052768552	7.738789970803417e-07	0.4720638361811691	0.0055988802239552	0.0017996400719856	0.1403259029921514	0.716047910608404	0.04351086423272754
drop_NR1D2	NR1D2	11	ARNTL|CLOCK|CRY1|CRY2|DBP|NPAS2|NR1D1|PER1|PER2|PER3|TEF	Kocak	inss_stage_5cat	st4	st1	214	153	2.7431960492953147	2.2810770062917305	0.4621190430035842	0.1494453463508374	0.7063355761113534	0.1416259146141093	0.0005998800239952	0.0013997200559888	5000	2000	50	0.4894339157156703	0.0990387613544784	0.2953179434608926	0.683549887970448	4.941842052768552	7.738789970803417e-07	0.4627508855549571	0.0055988802239552	0.0027994401119776	0.1386440336643361	0.7174003674583216	-0.0006318425513728854
drop_PER1	PER1	11	ARNTL|CLOCK|CRY1|CRY2|DBP|NPAS2|NR1D1|NR1D2|PER2|PER3|TEF	SEQC	inss_stage_5cat	st4	st1	183	121	2.7480552545450974	2.236677718966209	0.5113775355788883	0.1847194742517848	0.7550381210338044	0.1468491855966462	0.0003999200159968	0.0007998400319936	5000	2000	51	0.4743978641676206	0.1050655299228542	0.2684694255188263	0.6803263028164148	4.515256949790798	6.324004008466415e-06	0.4720638361811691	0.0055988802239552	0.0017996400719856	0.1403259029921514	0.716047910608404	0.039313699397719226
drop_PER1	PER1	11	ARNTL|CLOCK|CRY1|CRY2|DBP|NPAS2|NR1D1|NR1D2|PER2|PER3|TEF	Kocak	inss_stage_5cat	st4	st1	214	153	2.6548763529471917	2.219259898081464	0.4356164548657273	0.1090132143948102	0.6900318957037112	0.1503840622309663	0.0013997200559888	0.0057988402319536	5000	2000	51	0.4743978641676206	0.1050655299228542	0.2684694255188263	0.6803263028164148	4.515256949790798	6.324004008466415e-06	0.4627508855549571	0.0055988802239552	0.0027994401119776	0.1386440336643361	0.7174003674583216	-0.02713443068922977
drop_PER2	PER2	11	ARNTL|CLOCK|CRY1|CRY2|DBP|NPAS2|NR1D1|NR1D2|PER1|PER3|TEF	SEQC	inss_stage_5cat	st4	st1	183	121	2.5874172098639043	2.121146552257054	0.4662706576068505	0.1199200113278956	0.6902060893763294	0.1458922650795459	0.0007998400319936	0.0031993601279744	5000	2000	52	0.4919684084861173	0.1059578832376591	0.2842909573403054	0.6996458596319293	4.6430562168050535	3.432928943980666e-06	0.4720638361811691	0.0055988802239552	0.0017996400719856	0.1403259029921514	0.716047910608404	-0.005793178574318603
drop_PER2	PER2	11	ARNTL|CLOCK|CRY1|CRY2|DBP|NPAS2|NR1D1|NR1D2|PER1|PER3|TEF	Kocak	inss_stage_5cat	st4	st1	214	153	2.5857051476065287	2.0650505746072163	0.5206545729993124	0.1823503985772165	0.7764005418589065	0.1541419866680106	0.0001999600079984	0.0007998400319936	5000	2000	52	0.4919684084861173	0.1059578832376591	0.2842909573403054	0.6996458596319293	4.6430562168050535	3.432928943980666e-06	0.4627508855549571	0.0055988802239552	0.0027994401119776	0.1386440336643361	0.7174003674583216	0.05790368744435531
drop_PER3	PER3	11	ARNTL|CLOCK|CRY1|CRY2|DBP|NPAS2|NR1D1|NR1D2|PER1|PER2|TEF	SEQC	inss_stage_5cat	st4	st1	183	121	2.5810441006891205	2.296755657147448	0.2842884435416728	-0.02327281090004	0.5183156141548854	0.1379325691450598	0.012997400519896	0.047990401919616	5000	2000	53	0.2967055561854513	0.1008919407159459	0.0989573523821973	0.4944537599887054	2.940825145001469	0.0032733925593115	0.4720638361811691	0.0055988802239552	0.0017996400719856	0.1403259029921514	0.716047910608404	-0.18777539263949627
drop_PER3	PER3	11	ARNTL|CLOCK|CRY1|CRY2|DBP|NPAS2|NR1D1|NR1D2|PER1|PER2|TEF	Kocak	inss_stage_5cat	st4	st1	214	153	2.552424603059585	2.241430885995147	0.3109937170644383	-0.0096620734750229	0.5794701805837289	0.1479601220262335	0.0163967206558688	0.0447910417916416	5000	2000	53	0.2967055561854513	0.1008919407159459	0.0989573523821973	0.4944537599887054	2.940825145001469	0.0032733925593115	0.4627508855549571	0.0055988802239552	0.0027994401119776	0.1386440336643361	0.7174003674583216	-0.1517571684905188
drop_TEF	TEF	11	ARNTL|CLOCK|CRY1|CRY2|DBP|NPAS2|NR1D1|NR1D2|PER1|PER2|PER3	SEQC	inss_stage_5cat	st4	st1	183	121	2.511595955398259	2.119735848118759	0.3918601072794998	0.0783546025104745	0.6167041895771547	0.1384555826650821	0.0027994401119776	0.0097980403919216	5000	2000	54	0.4120647827025788	0.0965593022284339	0.2228085503348482	0.6013210150703094	4.267478877671896	1.9769448280742395e-05	0.4720638361811691	0.0055988802239552	0.0017996400719856	0.1403259029921514	0.716047910608404	-0.08020372890166927
drop_TEF	TEF	11	ARNTL|CLOCK|CRY1|CRY2|DBP|NPAS2|NR1D1|NR1D2|PER1|PER2|PER3	Kocak	inss_stage_5cat	st4	st1	214	153	2.516924976332483	2.0857278012932743	0.4311971750392085	0.126399132421837	0.6592172591317234	0.1347315082778466	0.0013997200559888	0.0037992401519696	5000	2000	54	0.4120647827025788	0.0965593022284339	0.2228085503348482	0.6013210150703094	4.267478877671896	1.9769448280742395e-05	0.4627508855549571	0.0055988802239552	0.0027994401119776	0.1386440336643361	0.7174003674583216	-0.03155371051574857
